-- phpMyAdmin SQL Dump
-- version 5.2.0
-- https://www.phpmyadmin.net/
--
-- Host: 127.0.0.1
-- Generation Time: Jun 24, 2025 at 01:26 PM
-- Server version: 10.4.16-MariaDB
-- PHP Version: 8.1.12

SET SQL_MODE = "NO_AUTO_VALUE_ON_ZERO";
START TRANSACTION;
SET time_zone = "+00:00";


/*!40101 SET @OLD_CHARACTER_SET_CLIENT=@@CHARACTER_SET_CLIENT */;
/*!40101 SET @OLD_CHARACTER_SET_RESULTS=@@CHARACTER_SET_RESULTS */;
/*!40101 SET @OLD_COLLATION_CONNECTION=@@COLLATION_CONNECTION */;
/*!40101 SET NAMES utf8mb4 */;

--
-- Database: `assestment`
--

-- --------------------------------------------------------

--
-- Table structure for table `battlepasses`
--

CREATE TABLE `battlepasses` (
  `id` char(36) CHARACTER SET utf8mb4 COLLATE utf8mb4_bin NOT NULL,
  `name` varchar(255) NOT NULL,
  `description` text DEFAULT NULL,
  `startDate` datetime NOT NULL,
  `endDate` datetime NOT NULL,
  `price` int(11) NOT NULL,
  `quest_pool_value` int(11) NOT NULL DEFAULT 30,
  `status` enum('upcoming','in_season','ended') NOT NULL DEFAULT 'upcoming',
  `createdAt` datetime NOT NULL,
  `updatedAt` datetime NOT NULL
) ENGINE=InnoDB DEFAULT CHARSET=utf8mb4;

--
-- Dumping data for table `battlepasses`
--

INSERT INTO `battlepasses` (`id`, `name`, `description`, `startDate`, `endDate`, `price`, `quest_pool_value`, `status`, `createdAt`, `updatedAt`) VALUES
('74afd44f-616a-4e34-b9fa-f4279562bb5d', 'Season 1 Premium', 'Unlock exclusive rewards in Season 1', '2025-06-14 18:08:25', '2025-07-24 18:08:25', 1500, 100, 'in_season', '2025-06-24 18:08:25', '2025-06-24 18:08:25'),
('c4960578-d8b1-4f8f-b1f9-18c0484ba964', 'Season 1', 'The first season battlepass', '2025-06-14 18:08:25', '2025-07-24 18:08:25', 1000, 50, 'in_season', '2025-06-24 18:08:25', '2025-06-24 18:08:25'),
('e100a2e9-5720-447d-8c51-1b42a16af31a', 'Season 2 Premium', 'Unlock exclusive rewards in Season 2', '2025-08-23 18:08:25', '2025-09-22 18:08:25', 2000, 100, 'upcoming', '2025-06-24 18:08:25', '2025-06-24 18:08:25'),
('f9983162-66e9-4771-a4b7-6dd3788a215d', 'Season 2', 'The second season battlepass', '2025-08-23 18:08:25', '2025-09-22 18:08:25', 1200, 50, 'upcoming', '2025-06-24 18:08:25', '2025-06-24 18:08:25');

-- --------------------------------------------------------

--
-- Table structure for table `battlepass_quests`
--

CREATE TABLE `battlepass_quests` (
  `id` char(36) CHARACTER SET utf8mb4 COLLATE utf8mb4_bin NOT NULL,
  `battlepass_id` char(36) CHARACTER SET utf8mb4 COLLATE utf8mb4_bin NOT NULL,
  `quest_id` char(36) CHARACTER SET utf8mb4 COLLATE utf8mb4_bin NOT NULL,
  `createdAt` datetime NOT NULL,
  `updatedAt` datetime NOT NULL
) ENGINE=InnoDB DEFAULT CHARSET=utf8mb4;

--
-- Dumping data for table `battlepass_quests`
--

INSERT INTO `battlepass_quests` (`id`, `battlepass_id`, `quest_id`, `createdAt`, `updatedAt`) VALUES
('005cf1b1-b343-41af-9c3e-83c9451bd672', 'e100a2e9-5720-447d-8c51-1b42a16af31a', 'da96b113-c2f3-4659-a56b-bbe9d856a441', '2025-06-24 18:08:25', '2025-06-24 18:08:25'),
('01b9a214-b593-43e4-89f2-de1d0a05f2f4', '74afd44f-616a-4e34-b9fa-f4279562bb5d', 'fb8952cc-667d-4721-a166-8c1f0b6cbe51', '2025-06-24 18:08:25', '2025-06-24 18:08:25'),
('01cab22e-2451-4d0f-a361-9d7b0285deb3', '74afd44f-616a-4e34-b9fa-f4279562bb5d', '91d98b93-5a3d-4d38-bbab-9204fa3a9a26', '2025-06-24 18:08:25', '2025-06-24 18:08:25'),
('029ddced-14d7-4d4c-8d7d-59c74fb48dca', '74afd44f-616a-4e34-b9fa-f4279562bb5d', 'c82c8fba-aeb2-4634-a7de-46d63612b21e', '2025-06-24 18:08:25', '2025-06-24 18:08:25'),
('02be149b-e41d-4e1b-a8a0-b02877af0576', '74afd44f-616a-4e34-b9fa-f4279562bb5d', '0754e738-6517-42f0-8705-6acdd34e41b7', '2025-06-24 18:08:25', '2025-06-24 18:08:25'),
('02f3faf8-90c3-45fd-9377-4fc999360f3e', 'c4960578-d8b1-4f8f-b1f9-18c0484ba964', 'd155beda-1442-4657-9375-69a887afcdcf', '2025-06-24 18:08:25', '2025-06-24 18:08:25'),
('03cda9fe-5261-4a11-b2ca-43ca3aa99a7d', 'e100a2e9-5720-447d-8c51-1b42a16af31a', '721f549e-e47b-4e98-8a52-5f4a580e6f97', '2025-06-24 18:08:25', '2025-06-24 18:08:25'),
('03ebf69c-3320-432e-b9f4-718050c0d494', 'c4960578-d8b1-4f8f-b1f9-18c0484ba964', '75e0bfc8-6749-4491-a5a8-9bff9839985e', '2025-06-24 18:08:25', '2025-06-24 18:08:25'),
('04bc781a-b78b-45d1-9ba9-a4b248a7d6fe', 'e100a2e9-5720-447d-8c51-1b42a16af31a', '4e4952fa-90d5-4102-b570-4638d51921f6', '2025-06-24 18:08:25', '2025-06-24 18:08:25'),
('04e7eef3-81e8-4cc9-af3d-da1cf1fa8acb', '74afd44f-616a-4e34-b9fa-f4279562bb5d', 'd2bd1bf0-8933-4961-9b04-36c39d502b79', '2025-06-24 18:08:25', '2025-06-24 18:08:25'),
('05dfbcbc-760e-4b97-b383-b2156610deeb', 'c4960578-d8b1-4f8f-b1f9-18c0484ba964', '2cc02776-d45c-461b-9979-3519d87d23c9', '2025-06-24 18:08:25', '2025-06-24 18:08:25'),
('05e763d4-4e58-49f6-a695-47e4e9f16f61', 'f9983162-66e9-4771-a4b7-6dd3788a215d', '7e5af888-89a7-41f4-af9c-6c852b57abeb', '2025-06-24 18:08:25', '2025-06-24 18:08:25'),
('0728989a-eb53-4e07-b2f0-bacecea51050', '74afd44f-616a-4e34-b9fa-f4279562bb5d', 'bab2b540-a3c9-4a7d-8e4b-a6b5cadb6812', '2025-06-24 18:08:25', '2025-06-24 18:08:25'),
('07344693-70ec-4232-9956-31067ae8e92c', 'e100a2e9-5720-447d-8c51-1b42a16af31a', '2b51c54c-ef29-453f-930d-c8331dfc04cd', '2025-06-24 18:08:25', '2025-06-24 18:08:25'),
('086bedee-91c9-47fe-a227-a59880d7a29a', '74afd44f-616a-4e34-b9fa-f4279562bb5d', '54310fb3-bf8c-434d-82ad-a39b34e78b62', '2025-06-24 18:08:25', '2025-06-24 18:08:25'),
('08ad455a-d3ab-4871-b662-a746dc52b62d', 'e100a2e9-5720-447d-8c51-1b42a16af31a', '485fb2b3-23ac-4a33-8e28-9a01c142b254', '2025-06-24 18:08:25', '2025-06-24 18:08:25'),
('08b4ccee-f26e-4aa2-a227-5a53221981d7', 'e100a2e9-5720-447d-8c51-1b42a16af31a', '7d9ca6f8-fa46-4674-878b-efe2f201a572', '2025-06-24 18:08:25', '2025-06-24 18:08:25'),
('08ed3823-694f-4d66-a0be-81cb4556aed9', '74afd44f-616a-4e34-b9fa-f4279562bb5d', '8cdabb51-b94e-49cd-bbf4-b7c01456ef73', '2025-06-24 18:08:25', '2025-06-24 18:08:25'),
('09038de4-e096-4210-983d-e5fa4be03433', '74afd44f-616a-4e34-b9fa-f4279562bb5d', 'cbdc62ee-bd63-4270-bcad-b2585a10babb', '2025-06-24 18:08:25', '2025-06-24 18:08:25'),
('099d9c23-8a69-4397-87c9-24d975f9317a', 'c4960578-d8b1-4f8f-b1f9-18c0484ba964', '721f549e-e47b-4e98-8a52-5f4a580e6f97', '2025-06-24 18:08:25', '2025-06-24 18:08:25'),
('0bd18549-b8ca-4dbe-b133-62d1a12f5f90', 'c4960578-d8b1-4f8f-b1f9-18c0484ba964', '31779375-43d3-45b8-9198-ff05fdb0ddcb', '2025-06-24 18:08:25', '2025-06-24 18:08:25'),
('0c76d951-4781-4412-896b-87ccb37c386e', 'e100a2e9-5720-447d-8c51-1b42a16af31a', '29411c6c-8301-4a24-913d-fbab2c9d3c2d', '2025-06-24 18:08:25', '2025-06-24 18:08:25'),
('0ccc9802-a4cd-49e4-a543-52fe6265f479', '74afd44f-616a-4e34-b9fa-f4279562bb5d', '1459b8f4-93c8-4b64-9914-028601036ece', '2025-06-24 18:08:25', '2025-06-24 18:08:25'),
('0ff1192e-d3f5-46ca-ace5-b777c2d3de08', 'c4960578-d8b1-4f8f-b1f9-18c0484ba964', 'b98cef5d-d510-450c-a48a-da7ab1aec42c', '2025-06-24 18:08:25', '2025-06-24 18:08:25'),
('106f38f5-d248-4752-99ca-1acfb8bad72d', '74afd44f-616a-4e34-b9fa-f4279562bb5d', 'e1be3cc6-1c70-47c7-9fa2-c54b3a6a73a0', '2025-06-24 18:08:25', '2025-06-24 18:08:25'),
('10d5d9b4-75f2-45f9-8627-839bc536d9f3', 'e100a2e9-5720-447d-8c51-1b42a16af31a', 'beb4df59-1602-4c53-833e-9b43793e3153', '2025-06-24 18:08:25', '2025-06-24 18:08:25'),
('13e3fa79-2de3-4a17-a2b1-7405cb9abad8', 'e100a2e9-5720-447d-8c51-1b42a16af31a', 'e4d0be01-af41-4d3c-aa7c-7f1ed3e37072', '2025-06-24 18:08:25', '2025-06-24 18:08:25'),
('15820842-8afa-42cd-aed9-706164645307', 'e100a2e9-5720-447d-8c51-1b42a16af31a', 'a89f81a6-535b-402f-a962-3cedb89267ee', '2025-06-24 18:08:25', '2025-06-24 18:08:25'),
('15bb5ae8-9e4f-45e2-aba0-47055cebe4aa', 'f9983162-66e9-4771-a4b7-6dd3788a215d', 'b1be448f-c513-489e-9647-f8c964110b84', '2025-06-24 18:08:25', '2025-06-24 18:08:25'),
('16438388-8d22-48a5-a2c9-fad9c9a45efb', 'e100a2e9-5720-447d-8c51-1b42a16af31a', '48c6bad4-4e6d-431c-9dea-0861c3a9d286', '2025-06-24 18:08:25', '2025-06-24 18:08:25'),
('164c8227-00c3-4f88-bae7-519e8c67740b', 'e100a2e9-5720-447d-8c51-1b42a16af31a', 'aa8cf23b-cef1-4b8e-9936-7892372fcdec', '2025-06-24 18:08:25', '2025-06-24 18:08:25'),
('16d5ff34-8fca-4cfd-98d4-bdfca0d13e83', '74afd44f-616a-4e34-b9fa-f4279562bb5d', 'ef095e6e-357d-44fb-ae3e-51da087c229f', '2025-06-24 18:08:25', '2025-06-24 18:08:25'),
('16df3d06-b0ba-45c7-8f50-2f311c529f4b', 'e100a2e9-5720-447d-8c51-1b42a16af31a', 'c57e2957-4b54-453e-84f0-8670b7514d4b', '2025-06-24 18:08:25', '2025-06-24 18:08:25'),
('171ff0bc-3a13-4110-a0b5-d6750b7f0bfd', '74afd44f-616a-4e34-b9fa-f4279562bb5d', '29d510fd-bc2e-49f8-ae1f-97b5d038bdc1', '2025-06-24 18:08:25', '2025-06-24 18:08:25'),
('17e92931-80bb-46a4-811c-09b34a5c0cc2', 'c4960578-d8b1-4f8f-b1f9-18c0484ba964', 'a794c6cf-b325-4c4e-8ca0-951fc0e72d0f', '2025-06-24 18:08:25', '2025-06-24 18:08:25'),
('19d6a6ce-4fd2-484e-9392-9d77ef327480', 'e100a2e9-5720-447d-8c51-1b42a16af31a', 'a811855e-3199-454e-9efc-8b2e3613937e', '2025-06-24 18:08:25', '2025-06-24 18:08:25'),
('1ac36645-b63a-4210-af7e-3dfb6034bfb3', 'e100a2e9-5720-447d-8c51-1b42a16af31a', 'ab20baf3-5be9-4c77-9cf5-48f30cb29511', '2025-06-24 18:08:25', '2025-06-24 18:08:25'),
('1baa0043-a495-49b6-88d3-83b939c7e4fc', 'f9983162-66e9-4771-a4b7-6dd3788a215d', '505e7e3b-0d67-4e2f-9ff0-f500c0629315', '2025-06-24 18:08:25', '2025-06-24 18:08:25'),
('1bc99d95-1070-4267-a0e1-971bb5288d28', 'e100a2e9-5720-447d-8c51-1b42a16af31a', '8809b0b6-4196-436d-82d7-0b1f0a2d2a11', '2025-06-24 18:08:25', '2025-06-24 18:08:25'),
('1c47b4d6-4c23-4d09-a81a-d78294a96cb7', '74afd44f-616a-4e34-b9fa-f4279562bb5d', '29764483-120f-482b-a826-3a9a9d1cb4a8', '2025-06-24 18:08:25', '2025-06-24 18:08:25'),
('1c819b82-1c78-4927-a50c-9be63ae8b6ff', 'c4960578-d8b1-4f8f-b1f9-18c0484ba964', 'c381b389-c1ed-4a7b-ae4c-f12153727664', '2025-06-24 18:08:25', '2025-06-24 18:08:25'),
('1cb02220-a2d7-41c1-a4d0-36d90debdde0', 'f9983162-66e9-4771-a4b7-6dd3788a215d', 'ee1572f4-8913-481d-a5de-445ff58a4e67', '2025-06-24 18:08:25', '2025-06-24 18:08:25'),
('1e12359f-ad9d-4db4-80c0-7f6bf035b6e5', '74afd44f-616a-4e34-b9fa-f4279562bb5d', 'ee7b8162-6010-4ef2-9127-079933c900cf', '2025-06-24 18:08:25', '2025-06-24 18:08:25'),
('1e5d3321-5a85-4e2a-a209-f32a839439c2', 'f9983162-66e9-4771-a4b7-6dd3788a215d', '6b64a959-9083-4084-884d-c6f438c90322', '2025-06-24 18:08:25', '2025-06-24 18:08:25'),
('1f8d0412-c036-4f44-a715-edfbae2cb375', 'f9983162-66e9-4771-a4b7-6dd3788a215d', '41568c01-24b5-4028-b217-6d16d93bc46c', '2025-06-24 18:08:25', '2025-06-24 18:08:25'),
('21350b79-f90e-4ab1-8cb7-79158401a2b7', 'e100a2e9-5720-447d-8c51-1b42a16af31a', '02130530-c661-4989-ad67-2a178d671dcf', '2025-06-24 18:08:25', '2025-06-24 18:08:25'),
('215f5e31-215e-4b14-89a3-c6d1f3ab1503', 'e100a2e9-5720-447d-8c51-1b42a16af31a', 'a10cc26f-1322-4409-9b1a-b8d68d9d3f85', '2025-06-24 18:08:25', '2025-06-24 18:08:25'),
('2395dd52-8f54-454e-8800-ab26b4d917fa', 'f9983162-66e9-4771-a4b7-6dd3788a215d', '7dc85bba-c97d-4c86-a53a-e278841511a3', '2025-06-24 18:08:25', '2025-06-24 18:08:25'),
('23cc8cdd-09f8-4ea3-b447-8883e1f95611', '74afd44f-616a-4e34-b9fa-f4279562bb5d', '2470f0b0-41c1-4256-93a9-984834b267ee', '2025-06-24 18:08:25', '2025-06-24 18:08:25'),
('24088811-8c31-42cd-ba94-792c85a93cd7', 'c4960578-d8b1-4f8f-b1f9-18c0484ba964', 'e9f29fd2-2700-4707-9e52-236cef33a557', '2025-06-24 18:08:25', '2025-06-24 18:08:25'),
('24468f85-bc2f-4c0d-b455-9327c7feb8ea', '74afd44f-616a-4e34-b9fa-f4279562bb5d', '7c3ba186-70f0-4536-a5b7-4b3deec972aa', '2025-06-24 18:08:25', '2025-06-24 18:08:25'),
('24acf1b1-d7b9-40cf-8511-15471a9d4a60', 'f9983162-66e9-4771-a4b7-6dd3788a215d', 'd3038506-8b2e-4e87-a604-53532d007b88', '2025-06-24 18:08:25', '2025-06-24 18:08:25'),
('25029bf0-7e6a-429c-8ed5-fee0b7719abd', 'e100a2e9-5720-447d-8c51-1b42a16af31a', '41568c01-24b5-4028-b217-6d16d93bc46c', '2025-06-24 18:08:25', '2025-06-24 18:08:25'),
('26a060d8-ed3e-49b8-ac52-17fd667ae43d', 'f9983162-66e9-4771-a4b7-6dd3788a215d', '5eecda18-b358-41ec-aaf9-c7c385fb0205', '2025-06-24 18:08:25', '2025-06-24 18:08:25'),
('26a8558e-3082-4856-9896-65defa530992', '74afd44f-616a-4e34-b9fa-f4279562bb5d', 'b4795e6d-260c-4b92-a6cc-d693a615054f', '2025-06-24 18:08:25', '2025-06-24 18:08:25'),
('28aacda9-c1e3-4e4f-9542-4bb3b0874570', '74afd44f-616a-4e34-b9fa-f4279562bb5d', 'ece731cf-e89b-4493-a7cb-b1758756844a', '2025-06-24 18:08:25', '2025-06-24 18:08:25'),
('2909f7b6-fb2b-4c40-a5cd-3af35a59384e', 'f9983162-66e9-4771-a4b7-6dd3788a215d', 'e9f29fd2-2700-4707-9e52-236cef33a557', '2025-06-24 18:08:25', '2025-06-24 18:08:25'),
('299646ae-7234-4805-819d-c725164b8185', 'f9983162-66e9-4771-a4b7-6dd3788a215d', '7fe2233f-f8ae-474e-b3c7-576e1abeb9ff', '2025-06-24 18:08:25', '2025-06-24 18:08:25'),
('2aa094fc-c9b4-427f-9c71-63e863b5dac5', 'e100a2e9-5720-447d-8c51-1b42a16af31a', '26b93c50-9285-4043-80c9-9b0a46b2b62e', '2025-06-24 18:08:25', '2025-06-24 18:08:25'),
('2aa15ab5-de53-4c2c-942e-22bb4a0dbb22', '74afd44f-616a-4e34-b9fa-f4279562bb5d', 'f648a63a-8952-4e61-8a41-d5e7ce72c5ec', '2025-06-24 18:08:25', '2025-06-24 18:08:25'),
('2ae0db4e-961c-4211-976c-7a09a7ccceab', 'e100a2e9-5720-447d-8c51-1b42a16af31a', '126cbeca-1c60-4ca8-9d3f-a5c61c2d0893', '2025-06-24 18:08:25', '2025-06-24 18:08:25'),
('2b8ebe26-d50e-4df9-8210-61142475a0af', 'e100a2e9-5720-447d-8c51-1b42a16af31a', 'ff8dfa76-0cfb-476b-9fa0-c6008428dfda', '2025-06-24 18:08:25', '2025-06-24 18:08:25'),
('2b8f678e-9982-4c26-9741-e25eb9734a2e', '74afd44f-616a-4e34-b9fa-f4279562bb5d', '16684a2e-41b4-45d0-aad1-527fbb7abd91', '2025-06-24 18:08:25', '2025-06-24 18:08:25'),
('2b95925d-e986-42a7-a140-37e8b3798507', 'e100a2e9-5720-447d-8c51-1b42a16af31a', '8ba1ac17-b1a7-4051-b83a-354bac497b0f', '2025-06-24 18:08:25', '2025-06-24 18:08:25'),
('2c180d5e-9df7-4ed3-896b-11e416a63510', 'c4960578-d8b1-4f8f-b1f9-18c0484ba964', '2b51c54c-ef29-453f-930d-c8331dfc04cd', '2025-06-24 18:08:25', '2025-06-24 18:08:25'),
('2d0d93d1-b5f2-4290-a432-4f9368ef0771', 'c4960578-d8b1-4f8f-b1f9-18c0484ba964', 'bab2b540-a3c9-4a7d-8e4b-a6b5cadb6812', '2025-06-24 18:08:25', '2025-06-24 18:08:25'),
('2e6378f5-1f80-4933-99df-0920d6719f79', '74afd44f-616a-4e34-b9fa-f4279562bb5d', '401d0253-53c1-424d-8123-1b81161e513b', '2025-06-24 18:08:25', '2025-06-24 18:08:25'),
('303d2e6c-96da-4ced-a010-eb6606da8b6c', 'f9983162-66e9-4771-a4b7-6dd3788a215d', '58b05d48-d0b5-4dd6-9692-481ac50e0f1e', '2025-06-24 18:08:25', '2025-06-24 18:08:25'),
('3111ae22-efa2-4759-a241-9217701d494a', 'e100a2e9-5720-447d-8c51-1b42a16af31a', 'ce27b0e4-290d-49b9-8fb8-679040dfbe28', '2025-06-24 18:08:25', '2025-06-24 18:08:25'),
('31e660ed-0493-4330-81b7-724bd73981de', '74afd44f-616a-4e34-b9fa-f4279562bb5d', '70ac0711-5b5e-4297-a0b4-a8029266ebc4', '2025-06-24 18:08:25', '2025-06-24 18:08:25'),
('338895b9-f488-4c2e-8cbf-66d4bc2ec537', '74afd44f-616a-4e34-b9fa-f4279562bb5d', 'f3e57ae8-5810-410e-a8a6-618415b382d8', '2025-06-24 18:08:25', '2025-06-24 18:08:25'),
('33e28c90-ee7a-4947-a135-e08f5270842b', 'e100a2e9-5720-447d-8c51-1b42a16af31a', '8b29a903-48cb-4379-8299-1ddcb6cc908c', '2025-06-24 18:08:25', '2025-06-24 18:08:25'),
('354923a7-cadc-490b-bbff-0d7a74bb3e0b', 'e100a2e9-5720-447d-8c51-1b42a16af31a', 'e8eab637-44d5-4aa6-b47c-7a72a4966849', '2025-06-24 18:08:25', '2025-06-24 18:08:25'),
('354e6f0a-4c58-453b-83e8-943e91789b33', '74afd44f-616a-4e34-b9fa-f4279562bb5d', '47966169-c920-4472-9343-feeca44db0ee', '2025-06-24 18:08:25', '2025-06-24 18:08:25'),
('35d46f85-9467-4b1b-a99a-7f3355e2fc4a', 'f9983162-66e9-4771-a4b7-6dd3788a215d', '9eb8f5a9-c460-4804-88fb-5423a151f385', '2025-06-24 18:08:25', '2025-06-24 18:08:25'),
('36f73ea0-4493-4f66-8385-08881210030f', '74afd44f-616a-4e34-b9fa-f4279562bb5d', '46865e52-0e81-4005-b5db-fc7cc872f995', '2025-06-24 18:08:25', '2025-06-24 18:08:25'),
('38cd0c9e-609f-4077-ba2a-3aae9536cc40', 'f9983162-66e9-4771-a4b7-6dd3788a215d', '4352223d-d8fa-4dec-a640-39e1d438d618', '2025-06-24 18:08:25', '2025-06-24 18:08:25'),
('38f15afe-dcf3-468a-be85-a7cb0ff06ec5', 'c4960578-d8b1-4f8f-b1f9-18c0484ba964', '99a94763-5b87-4282-9d3a-d9d55af391c0', '2025-06-24 18:08:25', '2025-06-24 18:08:25'),
('3916b844-f6e4-488e-a1d3-941b99ca201e', 'e100a2e9-5720-447d-8c51-1b42a16af31a', 'f210a77e-dc3c-4dd7-8dc7-5ecce4b3e6fe', '2025-06-24 18:08:25', '2025-06-24 18:08:25'),
('393ed8e4-1f5a-4a82-98e8-3a7e5eba04a6', '74afd44f-616a-4e34-b9fa-f4279562bb5d', 'a8b989be-6a2e-4f2d-9fc5-7916a6a81732', '2025-06-24 18:08:25', '2025-06-24 18:08:25'),
('39e1e3ca-40d7-4d33-a41a-088880ba2ac5', '74afd44f-616a-4e34-b9fa-f4279562bb5d', '38c8f083-3d3d-412c-a3ee-c59cd0265d0e', '2025-06-24 18:08:25', '2025-06-24 18:08:25'),
('3a95790d-15f9-4cdb-9345-40f67be0731c', 'e100a2e9-5720-447d-8c51-1b42a16af31a', '21748d09-5f45-4c3f-99f2-b4ea90fb86a6', '2025-06-24 18:08:25', '2025-06-24 18:08:25'),
('3acc063a-5459-4275-b649-32adca5feaf0', 'c4960578-d8b1-4f8f-b1f9-18c0484ba964', '11f0c23e-b07c-44ad-a422-ef12c2715485', '2025-06-24 18:08:25', '2025-06-24 18:08:25'),
('3ad9a518-c79c-4ffd-be24-5b2eb58a9688', 'e100a2e9-5720-447d-8c51-1b42a16af31a', '13ff514a-1ba3-4208-b49f-ede4e10146ec', '2025-06-24 18:08:25', '2025-06-24 18:08:25'),
('3adf0081-2db2-4b17-a604-62c66157856e', '74afd44f-616a-4e34-b9fa-f4279562bb5d', '13ff514a-1ba3-4208-b49f-ede4e10146ec', '2025-06-24 18:08:25', '2025-06-24 18:08:25'),
('3b544ea6-4d88-4f82-95a0-3df3bc85c922', '74afd44f-616a-4e34-b9fa-f4279562bb5d', '2919d3b7-a836-4270-a37f-5c495afcdccd', '2025-06-24 18:08:25', '2025-06-24 18:08:25'),
('3be7986a-9d2f-4688-9df8-350014cabc84', 'f9983162-66e9-4771-a4b7-6dd3788a215d', '694e74b4-6823-4a5e-ad31-6b39dcb561a8', '2025-06-24 18:08:25', '2025-06-24 18:08:25'),
('3d9bbdb8-87ca-4f8b-a096-6303e590f7e6', 'e100a2e9-5720-447d-8c51-1b42a16af31a', '9c0feccc-cea4-48ac-ae5b-5a7422ec7979', '2025-06-24 18:08:25', '2025-06-24 18:08:25'),
('3e60c3eb-5c6c-4644-917d-4f5d72b142d9', '74afd44f-616a-4e34-b9fa-f4279562bb5d', 'fa756d94-4394-425c-bf2b-1e9b886a93da', '2025-06-24 18:08:25', '2025-06-24 18:08:25'),
('3ef6ddbc-dc29-4a83-8331-28dfc70686e8', '74afd44f-616a-4e34-b9fa-f4279562bb5d', '5d4b4b94-262d-418c-8f90-4b5e65cdcaca', '2025-06-24 18:08:25', '2025-06-24 18:08:25'),
('40eb231f-3c9e-4a49-a61d-237c9c34df3b', 'e100a2e9-5720-447d-8c51-1b42a16af31a', 'ab958752-d0e8-44d2-b904-fde8cd19f4ab', '2025-06-24 18:08:25', '2025-06-24 18:08:25'),
('416af95a-5f39-4c07-80d6-7224023cc367', 'f9983162-66e9-4771-a4b7-6dd3788a215d', '88f6cccf-1496-42c8-9433-c310be9a543b', '2025-06-24 18:08:25', '2025-06-24 18:08:25'),
('41836054-6fe9-40ef-ad61-ce6c705cbf21', 'e100a2e9-5720-447d-8c51-1b42a16af31a', '70ec2589-112a-4c4f-b9a8-9a33e794dd78', '2025-06-24 18:08:25', '2025-06-24 18:08:25'),
('41cd96a6-2033-4bd7-b9b1-89cc2ab6e63c', 'e100a2e9-5720-447d-8c51-1b42a16af31a', '26d2f99b-588f-41c5-90ee-f091507722d2', '2025-06-24 18:08:25', '2025-06-24 18:08:25'),
('4236f000-a4cc-4647-8698-3276d2a473be', '74afd44f-616a-4e34-b9fa-f4279562bb5d', '7d590764-437d-48bd-97ff-066407e1bc6e', '2025-06-24 18:08:25', '2025-06-24 18:08:25'),
('430ee178-ad61-42d4-b255-7f33d581bcbb', 'e100a2e9-5720-447d-8c51-1b42a16af31a', '91f1406d-3bf6-4eb8-afd1-a4cdb98c9dcb', '2025-06-24 18:08:25', '2025-06-24 18:08:25'),
('44262dbf-c87d-4021-be60-3cbc1a4c0fd8', '74afd44f-616a-4e34-b9fa-f4279562bb5d', '6922d2ab-d840-4fc7-84fc-1c16c3a51db9', '2025-06-24 18:08:25', '2025-06-24 18:08:25'),
('455fb167-4f8b-4383-959c-33cf788a5289', 'f9983162-66e9-4771-a4b7-6dd3788a215d', '9890bcc6-b44b-4be8-bede-f23dcd428da2', '2025-06-24 18:08:25', '2025-06-24 18:08:25'),
('47d392cc-a367-403e-8e98-6ca43898bcaf', '74afd44f-616a-4e34-b9fa-f4279562bb5d', '3ff718ed-26fe-461c-b74d-246ec5fee0bd', '2025-06-24 18:08:25', '2025-06-24 18:08:25'),
('47ffae73-8c95-45dd-bedc-2dbca3c411b2', 'e100a2e9-5720-447d-8c51-1b42a16af31a', '91d98b93-5a3d-4d38-bbab-9204fa3a9a26', '2025-06-24 18:08:25', '2025-06-24 18:08:25'),
('48e840e6-3e2d-466f-9aab-bbe93efa8335', 'e100a2e9-5720-447d-8c51-1b42a16af31a', '98a188bb-d9cb-4c8a-b028-c818f5685e3a', '2025-06-24 18:08:25', '2025-06-24 18:08:25'),
('497471d7-52e5-49bf-9856-89e2fc6a8d9a', 'e100a2e9-5720-447d-8c51-1b42a16af31a', '2792b2c7-26a1-4359-9eee-1c7340c13962', '2025-06-24 18:08:25', '2025-06-24 18:08:25'),
('498dcd49-3bc4-449d-a99e-4ecd783916e9', '74afd44f-616a-4e34-b9fa-f4279562bb5d', 'a794c6cf-b325-4c4e-8ca0-951fc0e72d0f', '2025-06-24 18:08:25', '2025-06-24 18:08:25'),
('4a534821-1ff1-4576-b409-9bb60b828219', 'e100a2e9-5720-447d-8c51-1b42a16af31a', '57eacd43-73c2-469f-a8ee-12dbe1ceedd8', '2025-06-24 18:08:25', '2025-06-24 18:08:25'),
('4aa453d6-6ab7-4074-bfcc-8d40ac787bb5', 'e100a2e9-5720-447d-8c51-1b42a16af31a', '78b02a49-48e6-4953-937c-d9aacdb0ac5a', '2025-06-24 18:08:25', '2025-06-24 18:08:25'),
('4c141499-4228-43c8-9fac-ba85f2dbb16d', '74afd44f-616a-4e34-b9fa-f4279562bb5d', '6815c89d-026c-4dcc-b369-9839a8c1378e', '2025-06-24 18:08:25', '2025-06-24 18:08:25'),
('4c940d5e-f978-4a8c-bfe6-34b1f7aacd42', 'f9983162-66e9-4771-a4b7-6dd3788a215d', '0078a454-95b0-41f3-a752-18e61b82776b', '2025-06-24 18:08:25', '2025-06-24 18:08:25'),
('4cd16559-e0ad-42fe-a7bc-0dce8d0bfc41', 'e100a2e9-5720-447d-8c51-1b42a16af31a', '99a94763-5b87-4282-9d3a-d9d55af391c0', '2025-06-24 18:08:25', '2025-06-24 18:08:25'),
('4f1fa8c0-418b-4a46-940e-fa905bea8abb', 'e100a2e9-5720-447d-8c51-1b42a16af31a', '0719e679-38ac-4658-83fd-88d8d45f6940', '2025-06-24 18:08:25', '2025-06-24 18:08:25'),
('4f5d21e8-776f-4e42-90b3-29920cc426ad', 'f9983162-66e9-4771-a4b7-6dd3788a215d', '336e1b53-dbf2-4625-a2e7-203bfd1ab14d', '2025-06-24 18:08:25', '2025-06-24 18:08:25'),
('502a4d98-aa29-45a2-9acc-bc1be822e8fd', 'e100a2e9-5720-447d-8c51-1b42a16af31a', 'e1be3cc6-1c70-47c7-9fa2-c54b3a6a73a0', '2025-06-24 18:08:25', '2025-06-24 18:08:25'),
('50a8c40d-e59c-42af-8336-5b5ce9ef0d86', 'f9983162-66e9-4771-a4b7-6dd3788a215d', '361b841c-5580-45b7-9ce7-27fc1b8ac2f4', '2025-06-24 18:08:25', '2025-06-24 18:08:25'),
('5161fe07-680e-497a-a26a-f4666c35cbea', '74afd44f-616a-4e34-b9fa-f4279562bb5d', 'd276a600-4eff-4598-8216-aa2844affd8b', '2025-06-24 18:08:25', '2025-06-24 18:08:25'),
('51e41bf1-63bb-4b98-9eb5-926e80828660', 'e100a2e9-5720-447d-8c51-1b42a16af31a', '94ab34df-86a0-4587-96ba-6c5a59e3ad9d', '2025-06-24 18:08:25', '2025-06-24 18:08:25'),
('51ebcfac-a84c-466a-a6c6-e5bd9ab9cb8f', 'f9983162-66e9-4771-a4b7-6dd3788a215d', '29d510fd-bc2e-49f8-ae1f-97b5d038bdc1', '2025-06-24 18:08:25', '2025-06-24 18:08:25'),
('52ecadf5-0363-4b0b-9045-0e5a93a2c6b1', '74afd44f-616a-4e34-b9fa-f4279562bb5d', '262bf321-b436-429f-bb01-3ee21e1d7459', '2025-06-24 18:08:25', '2025-06-24 18:08:25'),
('53c7c2b4-baf2-4139-a64b-3c51eeb8f8f6', 'e100a2e9-5720-447d-8c51-1b42a16af31a', '8c9482ca-41d5-4386-894a-05a1602111fb', '2025-06-24 18:08:25', '2025-06-24 18:08:25'),
('54690219-2bc3-4716-9add-9d616c262427', '74afd44f-616a-4e34-b9fa-f4279562bb5d', '4e4952fa-90d5-4102-b570-4638d51921f6', '2025-06-24 18:08:25', '2025-06-24 18:08:25'),
('549a704f-71d2-4ad6-a1d4-0ccc05c2f9a0', '74afd44f-616a-4e34-b9fa-f4279562bb5d', '0ac2808b-0455-4bb2-b2c8-cc782f2d30a5', '2025-06-24 18:08:25', '2025-06-24 18:08:25'),
('568cc5de-fe3d-457b-86a3-5d21c1fc7007', 'e100a2e9-5720-447d-8c51-1b42a16af31a', '54310fb3-bf8c-434d-82ad-a39b34e78b62', '2025-06-24 18:08:25', '2025-06-24 18:08:25'),
('56b2171d-6f28-4b0f-bfcb-55cc6ff94a33', 'f9983162-66e9-4771-a4b7-6dd3788a215d', '7da02159-f939-4d42-92c7-cd53d3c7fec5', '2025-06-24 18:08:25', '2025-06-24 18:08:25'),
('57e84aaa-f4aa-4b55-bcd4-1550cef9479e', '74afd44f-616a-4e34-b9fa-f4279562bb5d', 'b8d0812a-6745-4e38-a316-8fbc45a0ea8c', '2025-06-24 18:08:25', '2025-06-24 18:08:25'),
('5873e5eb-fd04-4562-a986-b1334596b252', 'e100a2e9-5720-447d-8c51-1b42a16af31a', 'ece731cf-e89b-4493-a7cb-b1758756844a', '2025-06-24 18:08:25', '2025-06-24 18:08:25'),
('5989c839-bffc-486f-9cea-dfdc17521e12', 'e100a2e9-5720-447d-8c51-1b42a16af31a', '7d590764-437d-48bd-97ff-066407e1bc6e', '2025-06-24 18:08:25', '2025-06-24 18:08:25'),
('5c591d36-4cf1-413a-b62b-cce1d2322b91', 'c4960578-d8b1-4f8f-b1f9-18c0484ba964', 'b4d54f59-ba57-4a2c-9f45-3534d8e73c93', '2025-06-24 18:08:25', '2025-06-24 18:08:25'),
('5c78065c-c5da-46c2-b88a-4e0983669bc6', 'c4960578-d8b1-4f8f-b1f9-18c0484ba964', 'cf7bdb2e-c70c-4639-a2f6-249dc6a2ed29', '2025-06-24 18:08:25', '2025-06-24 18:08:25'),
('5d7ada3a-8c5b-4713-9edd-60d021aaa1ca', 'e100a2e9-5720-447d-8c51-1b42a16af31a', 'a8d44128-01e0-4124-b31b-38877bc76bcf', '2025-06-24 18:08:25', '2025-06-24 18:08:25'),
('5ece6d30-da27-4cc7-ba82-a4999739de25', 'f9983162-66e9-4771-a4b7-6dd3788a215d', 'de776b66-aae6-40d5-8b53-c266c0936ccd', '2025-06-24 18:08:25', '2025-06-24 18:08:25'),
('61154d91-b3fc-421f-835c-b60b89c2ef16', 'c4960578-d8b1-4f8f-b1f9-18c0484ba964', 'aa671d60-c20a-4cd5-af01-4a535ee8d269', '2025-06-24 18:08:25', '2025-06-24 18:08:25'),
('6202cf46-51cd-4208-ba42-f569f6294ca9', 'e100a2e9-5720-447d-8c51-1b42a16af31a', 'f2d6f661-09c4-4e1d-8ade-6050ba9daec9', '2025-06-24 18:08:25', '2025-06-24 18:08:25'),
('62159c81-9272-4b55-ae0b-4e6e1b62a9dd', 'e100a2e9-5720-447d-8c51-1b42a16af31a', 'e94f2ed7-a0cb-41bf-9a21-2de74066418b', '2025-06-24 18:08:25', '2025-06-24 18:08:25'),
('624b4e7b-a0c6-45fe-af67-f688f707d423', 'f9983162-66e9-4771-a4b7-6dd3788a215d', 'd06c2284-c6c1-46ee-b109-34c11fa35d73', '2025-06-24 18:08:25', '2025-06-24 18:08:25'),
('62eb5e3c-16ce-41fc-84a9-9eec5823c84f', 'c4960578-d8b1-4f8f-b1f9-18c0484ba964', '8a448a97-d991-4e71-87a9-fe7ac45e1396', '2025-06-24 18:08:25', '2025-06-24 18:08:25'),
('62ed7fa7-b63e-4b25-b49e-527eaa3c4d1e', 'e100a2e9-5720-447d-8c51-1b42a16af31a', 'fee672bb-f2b0-4a61-89b7-50b3c3be49f2', '2025-06-24 18:08:25', '2025-06-24 18:08:25'),
('6466c8bb-be40-445f-9e44-c32d43e27d92', '74afd44f-616a-4e34-b9fa-f4279562bb5d', '6a183b17-3b24-4a0c-9f0e-40361c3625f7', '2025-06-24 18:08:25', '2025-06-24 18:08:25'),
('64e900ef-b531-4f8b-8ba2-1b35768fc96d', '74afd44f-616a-4e34-b9fa-f4279562bb5d', 'f2ac802b-c300-4a51-a555-6889c3947913', '2025-06-24 18:08:25', '2025-06-24 18:08:25'),
('6518f1de-1169-4c74-be84-69e156388bd1', '74afd44f-616a-4e34-b9fa-f4279562bb5d', '8809b0b6-4196-436d-82d7-0b1f0a2d2a11', '2025-06-24 18:08:25', '2025-06-24 18:08:25'),
('66f70055-2610-475f-950f-cf9e8f0ad09d', 'e100a2e9-5720-447d-8c51-1b42a16af31a', '5fdeb032-84c2-4649-b729-223a88b400f3', '2025-06-24 18:08:25', '2025-06-24 18:08:25'),
('67d496a2-f095-41a1-a726-d7c35679ddec', '74afd44f-616a-4e34-b9fa-f4279562bb5d', '18dd0008-c2c6-4044-940b-7b94b2e06c85', '2025-06-24 18:08:25', '2025-06-24 18:08:25'),
('68dd9ff0-ab7a-4c01-ad05-51a2f4a99baf', '74afd44f-616a-4e34-b9fa-f4279562bb5d', '91d30f98-400c-4778-949e-d7ae155f7c9c', '2025-06-24 18:08:25', '2025-06-24 18:08:25'),
('68fc5306-7155-47a5-959a-54bafa8602e9', '74afd44f-616a-4e34-b9fa-f4279562bb5d', 'b98cef5d-d510-450c-a48a-da7ab1aec42c', '2025-06-24 18:08:25', '2025-06-24 18:08:25'),
('6a4e5c03-6c22-464e-8b5c-10008ea8e242', 'e100a2e9-5720-447d-8c51-1b42a16af31a', '24d817be-78b9-4072-9702-2fff4db4ba8c', '2025-06-24 18:08:25', '2025-06-24 18:08:25'),
('6aa57e08-d8ce-4f6a-87d7-37bf20a47d89', '74afd44f-616a-4e34-b9fa-f4279562bb5d', '71b69319-aa4f-4956-9fe2-5d30a6b1f334', '2025-06-24 18:08:25', '2025-06-24 18:08:25'),
('6ac46cb6-4dde-45e4-89d1-2ba5507a2c19', 'e100a2e9-5720-447d-8c51-1b42a16af31a', 'f3e57ae8-5810-410e-a8a6-618415b382d8', '2025-06-24 18:08:25', '2025-06-24 18:08:25'),
('6ad132a1-55ec-4adb-9d70-9262a59f3bc8', '74afd44f-616a-4e34-b9fa-f4279562bb5d', 'c2853b28-62d4-4dae-b5fa-95867195a11e', '2025-06-24 18:08:25', '2025-06-24 18:08:25'),
('6c6f3671-7c32-4fbd-a75a-09af36d81da1', 'e100a2e9-5720-447d-8c51-1b42a16af31a', '0dc95269-e6b9-4977-abf8-eec6000f9a20', '2025-06-24 18:08:25', '2025-06-24 18:08:25'),
('6d3fc35a-5bae-4c91-90c1-b394ef7b122c', '74afd44f-616a-4e34-b9fa-f4279562bb5d', '4352223d-d8fa-4dec-a640-39e1d438d618', '2025-06-24 18:08:25', '2025-06-24 18:08:25'),
('6e126bd4-7334-474c-b799-43fe7b7a469b', 'c4960578-d8b1-4f8f-b1f9-18c0484ba964', 'fe5c3c2f-8a39-4c7d-ba2a-d4ca08b9bdec', '2025-06-24 18:08:25', '2025-06-24 18:08:25'),
('720012bf-d773-4904-a7a2-e60debbfff68', 'f9983162-66e9-4771-a4b7-6dd3788a215d', 'ab20baf3-5be9-4c77-9cf5-48f30cb29511', '2025-06-24 18:08:25', '2025-06-24 18:08:25'),
('7263a3f8-70b9-4c7b-be62-df8abe09a9ab', 'c4960578-d8b1-4f8f-b1f9-18c0484ba964', '80957b46-ef13-4e76-ade4-dca4e41437cf', '2025-06-24 18:08:25', '2025-06-24 18:08:25'),
('7268e4d7-807a-4340-bc5f-6e73d10ffaa8', 'f9983162-66e9-4771-a4b7-6dd3788a215d', 'be054b88-c6cf-45b8-9e05-71e7da5ad89c', '2025-06-24 18:08:25', '2025-06-24 18:08:25'),
('7550db6f-60d7-494f-9f04-2297e796786c', '74afd44f-616a-4e34-b9fa-f4279562bb5d', 'd06c2284-c6c1-46ee-b109-34c11fa35d73', '2025-06-24 18:08:25', '2025-06-24 18:08:25'),
('7559bae8-2a68-499d-ade2-a5216625d210', 'c4960578-d8b1-4f8f-b1f9-18c0484ba964', 'e1be3cc6-1c70-47c7-9fa2-c54b3a6a73a0', '2025-06-24 18:08:25', '2025-06-24 18:08:25'),
('75d0448c-88e2-44a8-9071-fd1fb3030c65', 'f9983162-66e9-4771-a4b7-6dd3788a215d', 'c0893766-6a57-4743-9a8e-d1c57cc2697a', '2025-06-24 18:08:25', '2025-06-24 18:08:25'),
('7626bb93-5db3-47d5-a017-d1e816e10eaf', 'f9983162-66e9-4771-a4b7-6dd3788a215d', '3f3d7471-cc21-498c-88c2-976688f25ffe', '2025-06-24 18:08:25', '2025-06-24 18:08:25'),
('76d0bde4-5456-4f79-9772-7d1856af9bb7', '74afd44f-616a-4e34-b9fa-f4279562bb5d', 'cf7bdb2e-c70c-4639-a2f6-249dc6a2ed29', '2025-06-24 18:08:25', '2025-06-24 18:08:25'),
('78336b00-a32d-4711-8184-7faa6e19b2c2', '74afd44f-616a-4e34-b9fa-f4279562bb5d', 'ea604d55-fcbb-4e58-8321-a6847f41bc81', '2025-06-24 18:08:25', '2025-06-24 18:08:25'),
('79cae7ec-1bf7-4c2c-9f16-178520030c3f', '74afd44f-616a-4e34-b9fa-f4279562bb5d', '5eecda18-b358-41ec-aaf9-c7c385fb0205', '2025-06-24 18:08:25', '2025-06-24 18:08:25'),
('7a86d087-adf0-4efa-8d80-ce380632f4d1', 'e100a2e9-5720-447d-8c51-1b42a16af31a', '47966169-c920-4472-9343-feeca44db0ee', '2025-06-24 18:08:25', '2025-06-24 18:08:25'),
('7c57cc6b-8487-433f-a8d9-4037de1d80c1', '74afd44f-616a-4e34-b9fa-f4279562bb5d', 'fe5c3c2f-8a39-4c7d-ba2a-d4ca08b9bdec', '2025-06-24 18:08:25', '2025-06-24 18:08:25'),
('7cb80f63-c2d3-4764-8c4a-ba17cd17c7b2', 'e100a2e9-5720-447d-8c51-1b42a16af31a', '00c43064-5e16-4642-9d10-8ee2c5752c23', '2025-06-24 18:08:25', '2025-06-24 18:08:25'),
('7ddb037b-589b-4ad5-ae31-c4bee13cbc2a', 'e100a2e9-5720-447d-8c51-1b42a16af31a', '3615de87-087b-4ea6-aee7-0e3fa0f3633b', '2025-06-24 18:08:25', '2025-06-24 18:08:25'),
('7eab21fe-2102-499e-a397-637772a33d31', '74afd44f-616a-4e34-b9fa-f4279562bb5d', '2e5d536d-6092-43d6-ac97-47f53af050ee', '2025-06-24 18:08:25', '2025-06-24 18:08:25'),
('7ec9b707-0fc1-4e47-a4d8-b9f2e0bf37bd', '74afd44f-616a-4e34-b9fa-f4279562bb5d', '96300e29-2d0a-4f38-9ee7-28e13fa36203', '2025-06-24 18:08:25', '2025-06-24 18:08:25'),
('7f32cb41-af9b-4116-86a9-cbed3f43133e', 'c4960578-d8b1-4f8f-b1f9-18c0484ba964', '1459b8f4-93c8-4b64-9914-028601036ece', '2025-06-24 18:08:25', '2025-06-24 18:08:25'),
('804eb91f-ccf5-4174-a42a-8eda70ea1588', 'f9983162-66e9-4771-a4b7-6dd3788a215d', '6f940fe1-892a-4ac1-90d8-fb381bf3c54e', '2025-06-24 18:08:25', '2025-06-24 18:08:25'),
('80af4446-f7fd-4f74-94f6-a73aff025499', '74afd44f-616a-4e34-b9fa-f4279562bb5d', '574d0d2e-597a-44ba-9bce-19d149cfacd5', '2025-06-24 18:08:25', '2025-06-24 18:08:25'),
('80b8538a-1077-4933-a52b-28b7a46bc95a', 'f9983162-66e9-4771-a4b7-6dd3788a215d', 'aaa982f6-88ff-49eb-8e49-37f1845f3821', '2025-06-24 18:08:25', '2025-06-24 18:08:25'),
('8176c05e-97e5-43a5-9ecd-4be9cef841fd', 'e100a2e9-5720-447d-8c51-1b42a16af31a', 'e37776aa-e7f8-400c-8d98-73b52b0e2e47', '2025-06-24 18:08:25', '2025-06-24 18:08:25'),
('8315e1d4-5492-49c2-b455-3b87c7c049a9', 'e100a2e9-5720-447d-8c51-1b42a16af31a', '10cf1e35-ee87-405c-be13-8a19835f103b', '2025-06-24 18:08:25', '2025-06-24 18:08:25'),
('877bcab3-e876-4bf3-9a88-75edfb8e0770', 'c4960578-d8b1-4f8f-b1f9-18c0484ba964', '8dfa7a69-42fe-4d5f-93ed-50544a3327ef', '2025-06-24 18:08:25', '2025-06-24 18:08:25'),
('89cf2f4d-9643-4600-af35-b12d045316d5', '74afd44f-616a-4e34-b9fa-f4279562bb5d', '8fd72e7a-367a-4522-8f3f-58caaf02518e', '2025-06-24 18:08:25', '2025-06-24 18:08:25'),
('8b034e29-6b8e-4638-9783-9d5689d6a8dd', 'c4960578-d8b1-4f8f-b1f9-18c0484ba964', '43961fe9-e6ce-4a74-ad86-f287c9ab0740', '2025-06-24 18:08:25', '2025-06-24 18:08:25'),
('8cf663f8-0671-41e1-a15c-1f5c01079365', 'c4960578-d8b1-4f8f-b1f9-18c0484ba964', '4352223d-d8fa-4dec-a640-39e1d438d618', '2025-06-24 18:08:25', '2025-06-24 18:08:25'),
('8d98b1e5-4a4c-4cf3-a2c8-f1e60864a8d0', 'f9983162-66e9-4771-a4b7-6dd3788a215d', 'ef095e6e-357d-44fb-ae3e-51da087c229f', '2025-06-24 18:08:25', '2025-06-24 18:08:25'),
('8e937b2b-57c4-4e6d-9199-8fb75934327b', 'e100a2e9-5720-447d-8c51-1b42a16af31a', 'e9f29fd2-2700-4707-9e52-236cef33a557', '2025-06-24 18:08:25', '2025-06-24 18:08:25'),
('8f5fff31-9108-424b-b173-d2c0be2b0898', 'f9983162-66e9-4771-a4b7-6dd3788a215d', 'b0d38e2d-7ee1-4945-8885-4f69a7f11719', '2025-06-24 18:08:25', '2025-06-24 18:08:25'),
('907ba864-cca2-4fd2-a1a0-d786b1aeada9', 'c4960578-d8b1-4f8f-b1f9-18c0484ba964', '64e07915-be66-425f-bf21-116a81696d2a', '2025-06-24 18:08:25', '2025-06-24 18:08:25'),
('90f6f85b-9887-492f-ae26-a2ca117a35fe', 'e100a2e9-5720-447d-8c51-1b42a16af31a', 'c9e8e500-755e-4d5c-ae30-45de8ccbd422', '2025-06-24 18:08:25', '2025-06-24 18:08:25'),
('93873dd6-19aa-4a5b-b62b-9d1360c72cf5', '74afd44f-616a-4e34-b9fa-f4279562bb5d', 'ff8dfa76-0cfb-476b-9fa0-c6008428dfda', '2025-06-24 18:08:25', '2025-06-24 18:08:25'),
('93a0ed57-aac7-4661-810a-2bd5f83ba6ee', 'c4960578-d8b1-4f8f-b1f9-18c0484ba964', '94a8fd8b-f4fc-4b6e-a3fe-c3da2f50b014', '2025-06-24 18:08:25', '2025-06-24 18:08:25'),
('9525ff5e-0732-499a-8ea7-644163913770', '74afd44f-616a-4e34-b9fa-f4279562bb5d', '8b29a903-48cb-4379-8299-1ddcb6cc908c', '2025-06-24 18:08:25', '2025-06-24 18:08:25'),
('95a577e0-172a-4fa0-b759-2ec23d040cc4', '74afd44f-616a-4e34-b9fa-f4279562bb5d', '646deef6-36b1-416d-a5d1-5492aa088fd5', '2025-06-24 18:08:25', '2025-06-24 18:08:25'),
('97c85415-6a77-4932-85c7-db18c1acaa04', 'f9983162-66e9-4771-a4b7-6dd3788a215d', 'bd9d64e3-d6e4-4205-8228-c7dc5ced51dd', '2025-06-24 18:08:25', '2025-06-24 18:08:25'),
('982c6ea8-8c74-4e72-baea-e7bf109a0976', '74afd44f-616a-4e34-b9fa-f4279562bb5d', 'e21df397-5f64-4eef-9535-e4f0e2c85280', '2025-06-24 18:08:25', '2025-06-24 18:08:25'),
('983c41a3-7463-4995-87f7-a382be9de884', 'e100a2e9-5720-447d-8c51-1b42a16af31a', '663bc383-64e3-4612-81be-38699f87302e', '2025-06-24 18:08:25', '2025-06-24 18:08:25'),
('98cfdaa4-4b49-4ce6-adf8-d0e12e3ffe1b', 'f9983162-66e9-4771-a4b7-6dd3788a215d', 'ce27b0e4-290d-49b9-8fb8-679040dfbe28', '2025-06-24 18:08:25', '2025-06-24 18:08:25'),
('9a021b62-9358-44d3-b6bb-7b5019371f1f', 'c4960578-d8b1-4f8f-b1f9-18c0484ba964', '505e7e3b-0d67-4e2f-9ff0-f500c0629315', '2025-06-24 18:08:25', '2025-06-24 18:08:25'),
('9a4a9761-8046-4fde-b34e-9c4c383eae12', 'c4960578-d8b1-4f8f-b1f9-18c0484ba964', '663bc383-64e3-4612-81be-38699f87302e', '2025-06-24 18:08:25', '2025-06-24 18:08:25'),
('9a7ee287-1117-480d-926d-6954ec2994de', 'c4960578-d8b1-4f8f-b1f9-18c0484ba964', 'def84321-542e-41b7-8d1f-666ef9833dba', '2025-06-24 18:08:25', '2025-06-24 18:08:25'),
('9af1cc82-c8d6-4d16-bcac-e30836ae30d6', '74afd44f-616a-4e34-b9fa-f4279562bb5d', 'de776b66-aae6-40d5-8b53-c266c0936ccd', '2025-06-24 18:08:25', '2025-06-24 18:08:25'),
('9b1b0328-3704-4918-8fae-3a5b6946bc69', 'e100a2e9-5720-447d-8c51-1b42a16af31a', '464ef5fd-7fd8-4d6e-a7fe-f61a53708c9c', '2025-06-24 18:08:25', '2025-06-24 18:08:25'),
('9bb814f3-a8e1-49ee-a4fc-32429f895c01', 'c4960578-d8b1-4f8f-b1f9-18c0484ba964', '2e8830fc-40fb-4585-ae75-b844d059db16', '2025-06-24 18:08:25', '2025-06-24 18:08:25'),
('9d9c035d-8f0c-4a14-91f1-a30b7feb7c4f', 'e100a2e9-5720-447d-8c51-1b42a16af31a', 'c59d0b85-0fa6-4b80-8b61-f33b60e69334', '2025-06-24 18:08:25', '2025-06-24 18:08:25'),
('9f877d22-5cdf-4c0b-b102-4bf25c6504ca', '74afd44f-616a-4e34-b9fa-f4279562bb5d', 'c381b389-c1ed-4a7b-ae4c-f12153727664', '2025-06-24 18:08:25', '2025-06-24 18:08:25'),
('9fad0db0-6217-4db8-b8d6-5d451179772d', 'c4960578-d8b1-4f8f-b1f9-18c0484ba964', 'f068be45-3aab-47e3-be87-78a4bb01c42a', '2025-06-24 18:08:25', '2025-06-24 18:08:25'),
('a002e3ae-cd70-4724-bea3-03f896c9235a', 'e100a2e9-5720-447d-8c51-1b42a16af31a', '94a8fd8b-f4fc-4b6e-a3fe-c3da2f50b014', '2025-06-24 18:08:25', '2025-06-24 18:08:25'),
('a1702032-e08c-41a5-99da-111fed8b0a74', '74afd44f-616a-4e34-b9fa-f4279562bb5d', 'b7e2c938-7dfe-4fba-8758-bbfe58a4d636', '2025-06-24 18:08:25', '2025-06-24 18:08:25'),
('a2c1d707-f217-4bd1-8357-fdce80c51770', 'e100a2e9-5720-447d-8c51-1b42a16af31a', 'cf7bdb2e-c70c-4639-a2f6-249dc6a2ed29', '2025-06-24 18:08:25', '2025-06-24 18:08:25'),
('a3d0369b-087a-4745-ad0a-e321df466187', 'e100a2e9-5720-447d-8c51-1b42a16af31a', '80957b46-ef13-4e76-ade4-dca4e41437cf', '2025-06-24 18:08:25', '2025-06-24 18:08:25'),
('a42643a0-49d8-43d7-97f4-025c4790f351', 'e100a2e9-5720-447d-8c51-1b42a16af31a', 'f1aa6eb3-b030-4542-abf8-d9c21d731052', '2025-06-24 18:08:25', '2025-06-24 18:08:25'),
('a4387ac9-95f3-450a-b0ee-14e140242f2b', 'c4960578-d8b1-4f8f-b1f9-18c0484ba964', '71d129f8-d5f5-4c29-9056-e4c01dded09f', '2025-06-24 18:08:25', '2025-06-24 18:08:25'),
('a6330da3-48b7-44fb-9559-96ebafd21c57', 'f9983162-66e9-4771-a4b7-6dd3788a215d', '4c27015c-54da-42f7-b26b-7e07091640b4', '2025-06-24 18:08:25', '2025-06-24 18:08:25'),
('a65423f7-7dac-4802-856a-654c9e30be93', 'e100a2e9-5720-447d-8c51-1b42a16af31a', '6922d2ab-d840-4fc7-84fc-1c16c3a51db9', '2025-06-24 18:08:25', '2025-06-24 18:08:25'),
('a6df0ff9-180a-488a-8bd4-89df9df816c7', 'e100a2e9-5720-447d-8c51-1b42a16af31a', '604c1371-68a3-4658-99a2-6b5a6eb9c965', '2025-06-24 18:08:25', '2025-06-24 18:08:25'),
('a71bf206-ebf0-482e-8751-6232a6172292', 'c4960578-d8b1-4f8f-b1f9-18c0484ba964', '3615de87-087b-4ea6-aee7-0e3fa0f3633b', '2025-06-24 18:08:25', '2025-06-24 18:08:25'),
('a8ef7dc4-b579-4706-b5c0-352c29ab7ea5', '74afd44f-616a-4e34-b9fa-f4279562bb5d', '57eacd43-73c2-469f-a8ee-12dbe1ceedd8', '2025-06-24 18:08:25', '2025-06-24 18:08:25'),
('aad09174-bf45-4bdd-b071-2ca5786e0a7b', 'e100a2e9-5720-447d-8c51-1b42a16af31a', '377dd963-cd0d-42ef-bbe0-f902ac2be3ac', '2025-06-24 18:08:25', '2025-06-24 18:08:25'),
('acd1cf8f-bf1d-433d-b57b-516818a9754c', 'e100a2e9-5720-447d-8c51-1b42a16af31a', '0754e738-6517-42f0-8705-6acdd34e41b7', '2025-06-24 18:08:25', '2025-06-24 18:08:25'),
('ad49eb94-5a3d-4fd5-852a-29e9338485e3', 'e100a2e9-5720-447d-8c51-1b42a16af31a', 'd769091e-9cf1-4ab2-aafb-c51c86b94eec', '2025-06-24 18:08:25', '2025-06-24 18:08:25'),
('adc9c98c-6e13-4926-8d0f-5841a61b6014', 'e100a2e9-5720-447d-8c51-1b42a16af31a', 'f648a63a-8952-4e61-8a41-d5e7ce72c5ec', '2025-06-24 18:08:25', '2025-06-24 18:08:25'),
('add1f1f8-bd42-49a2-97b7-a7a98cba5661', '74afd44f-616a-4e34-b9fa-f4279562bb5d', '190c673b-cb5b-4678-af6f-58054abd534a', '2025-06-24 18:08:25', '2025-06-24 18:08:25'),
('ade4f013-2592-4e00-8e48-0951edb12e9b', 'f9983162-66e9-4771-a4b7-6dd3788a215d', '34199470-82e5-4dcf-a536-6eba58171472', '2025-06-24 18:08:25', '2025-06-24 18:08:25'),
('ae8c665c-fee3-4ef4-8aea-81b837ffe6c5', 'f9983162-66e9-4771-a4b7-6dd3788a215d', 'c9e8e500-755e-4d5c-ae30-45de8ccbd422', '2025-06-24 18:08:25', '2025-06-24 18:08:25'),
('afb33379-2ec5-440f-b465-42aa6832710e', 'e100a2e9-5720-447d-8c51-1b42a16af31a', '9d4e2803-6811-4dcb-b0b6-33dcb11e74f7', '2025-06-24 18:08:25', '2025-06-24 18:08:25'),
('b178ff6e-0786-4bad-88da-b6ab1d21c674', 'e100a2e9-5720-447d-8c51-1b42a16af31a', 'a2ca5677-a89f-4b4c-9ec7-5c371c65b935', '2025-06-24 18:08:25', '2025-06-24 18:08:25'),
('b1b30bfd-fe02-4c16-abbb-100da93a0ae7', '74afd44f-616a-4e34-b9fa-f4279562bb5d', '43e98f15-fe70-465d-8a52-a482e70382ba', '2025-06-24 18:08:25', '2025-06-24 18:08:25'),
('b38acfc6-3fa2-468d-824d-685099997dad', 'e100a2e9-5720-447d-8c51-1b42a16af31a', '821fde15-3267-49f1-b3cf-59b43b9bb418', '2025-06-24 18:08:25', '2025-06-24 18:08:25'),
('b3cbec9e-188b-438a-b8c4-b4d4a49ed97f', 'c4960578-d8b1-4f8f-b1f9-18c0484ba964', 'e44fb681-1361-4831-8ed6-e742f9618a67', '2025-06-24 18:08:25', '2025-06-24 18:08:25'),
('b493675b-60dc-4649-a6c4-c1853a752a75', 'c4960578-d8b1-4f8f-b1f9-18c0484ba964', 'e1662d73-9423-4b1d-9c20-0a5f0ac5b1e1', '2025-06-24 18:08:25', '2025-06-24 18:08:25'),
('b4b58b2e-7348-44ba-a690-400d9601a5ff', 'c4960578-d8b1-4f8f-b1f9-18c0484ba964', '12a81f77-ec93-4ed7-a350-24a418962119', '2025-06-24 18:08:25', '2025-06-24 18:08:25'),
('b5633021-adc9-462d-b9d4-a6088ec1a5b4', 'f9983162-66e9-4771-a4b7-6dd3788a215d', 'ea5acb2b-1481-4aa9-99a6-1d71db1083c2', '2025-06-24 18:08:25', '2025-06-24 18:08:25'),
('b57fdf8f-f2ed-4236-bb2b-441400a3a630', '74afd44f-616a-4e34-b9fa-f4279562bb5d', '86c65695-efe4-4af9-96da-19041465516f', '2025-06-24 18:08:25', '2025-06-24 18:08:25'),
('b59b716b-588a-4701-aeb1-0f6be0619de8', '74afd44f-616a-4e34-b9fa-f4279562bb5d', '98a188bb-d9cb-4c8a-b028-c818f5685e3a', '2025-06-24 18:08:25', '2025-06-24 18:08:25'),
('b65a05b4-be48-4a5f-811a-bc6c6a8a0e23', 'f9983162-66e9-4771-a4b7-6dd3788a215d', 'a811855e-3199-454e-9efc-8b2e3613937e', '2025-06-24 18:08:25', '2025-06-24 18:08:25'),
('b7a08e2c-e56c-4067-97c6-fb813113264f', 'e100a2e9-5720-447d-8c51-1b42a16af31a', 'b1be448f-c513-489e-9647-f8c964110b84', '2025-06-24 18:08:25', '2025-06-24 18:08:25'),
('b873ed87-2309-4a03-bbcf-aecf82b359b5', '74afd44f-616a-4e34-b9fa-f4279562bb5d', '8b459692-394e-46bf-af0b-1c15ee53d9e4', '2025-06-24 18:08:25', '2025-06-24 18:08:25'),
('b9c9061f-97af-4686-ae87-6ab2d2fda210', 'f9983162-66e9-4771-a4b7-6dd3788a215d', '126cbeca-1c60-4ca8-9d3f-a5c61c2d0893', '2025-06-24 18:08:25', '2025-06-24 18:08:25'),
('bc0b4552-e46b-4463-94bc-8ff6c94883a9', 'e100a2e9-5720-447d-8c51-1b42a16af31a', 'ee716e1c-e0d2-490c-8a1e-05b2d5d9ced1', '2025-06-24 18:08:25', '2025-06-24 18:08:25'),
('bcccacd1-dd5e-41e6-a116-96e994ce5728', 'f9983162-66e9-4771-a4b7-6dd3788a215d', 'beda183d-a164-42d6-9620-dd4fe0aaaacb', '2025-06-24 18:08:25', '2025-06-24 18:08:25'),
('bf6a46f0-2fe8-4405-b6b8-8e948ddc854e', '74afd44f-616a-4e34-b9fa-f4279562bb5d', '6f940fe1-892a-4ac1-90d8-fb381bf3c54e', '2025-06-24 18:08:25', '2025-06-24 18:08:25'),
('c0bab732-9480-4208-8aed-4638f7793237', 'e100a2e9-5720-447d-8c51-1b42a16af31a', '667a5dd1-d908-4b7d-b523-d482a7648e6a', '2025-06-24 18:08:25', '2025-06-24 18:08:25'),
('c0bae55c-e6de-434e-b5ba-66d3d3abd4ed', 'e100a2e9-5720-447d-8c51-1b42a16af31a', '39418627-5389-4d15-8737-c193a0d26a29', '2025-06-24 18:08:25', '2025-06-24 18:08:25'),
('c16efd5d-cf56-44ac-9146-b54490f8f481', '74afd44f-616a-4e34-b9fa-f4279562bb5d', '6054bcdf-0108-46cc-bcd7-5a198db0b9b8', '2025-06-24 18:08:25', '2025-06-24 18:08:25'),
('c204e4d5-994c-4104-b97d-e13edc88f36b', '74afd44f-616a-4e34-b9fa-f4279562bb5d', 'e8eab637-44d5-4aa6-b47c-7a72a4966849', '2025-06-24 18:08:25', '2025-06-24 18:08:25'),
('c7c17343-aa58-413c-affd-95e15bb6d6f9', '74afd44f-616a-4e34-b9fa-f4279562bb5d', 'ef01bd57-b77f-40a1-adf4-b6f38865d772', '2025-06-24 18:08:25', '2025-06-24 18:08:25'),
('c7eae035-af14-4eeb-bff1-a547ec132d3f', 'c4960578-d8b1-4f8f-b1f9-18c0484ba964', 'ce27b0e4-290d-49b9-8fb8-679040dfbe28', '2025-06-24 18:08:25', '2025-06-24 18:08:25'),
('c80e71f2-e8be-4b8a-9ca1-5c0898aca935', 'e100a2e9-5720-447d-8c51-1b42a16af31a', '7c3ba186-70f0-4536-a5b7-4b3deec972aa', '2025-06-24 18:08:25', '2025-06-24 18:08:25'),
('c958c851-5570-4f41-a141-24d8733b3f5d', 'e100a2e9-5720-447d-8c51-1b42a16af31a', '361b841c-5580-45b7-9ce7-27fc1b8ac2f4', '2025-06-24 18:08:25', '2025-06-24 18:08:25'),
('c962b764-a1ee-40e1-9a53-575c2b2af514', '74afd44f-616a-4e34-b9fa-f4279562bb5d', 'ad79a6bd-9b97-4df3-8e9d-c614d3650a56', '2025-06-24 18:08:25', '2025-06-24 18:08:25'),
('cba8ce3f-6880-4538-8059-156cc053992c', 'c4960578-d8b1-4f8f-b1f9-18c0484ba964', '79a92e7d-2cbe-41f8-918d-810f3be4f2ae', '2025-06-24 18:08:25', '2025-06-24 18:08:25'),
('cdc74471-a575-4dbc-8f8e-f3c6a4dd1199', '74afd44f-616a-4e34-b9fa-f4279562bb5d', '1fcae6fe-9c7c-4f52-b77b-4ff99df5f988', '2025-06-24 18:08:25', '2025-06-24 18:08:25'),
('ce6f57e3-33dc-4b66-8695-544cdfd5e9c3', '74afd44f-616a-4e34-b9fa-f4279562bb5d', 'ca7fb556-e3df-4431-8cf1-4413703eba34', '2025-06-24 18:08:25', '2025-06-24 18:08:25'),
('cfb66f68-5b16-485c-a55d-6ed2ae75fee3', '74afd44f-616a-4e34-b9fa-f4279562bb5d', '22af5cce-83ab-45a7-ad01-2dc77d06fce3', '2025-06-24 18:08:25', '2025-06-24 18:08:25'),
('d065135d-4f0a-4081-b4f9-9d9184dd68c6', '74afd44f-616a-4e34-b9fa-f4279562bb5d', '70ec2589-112a-4c4f-b9a8-9a33e794dd78', '2025-06-24 18:08:25', '2025-06-24 18:08:25'),
('d26635cb-b58d-4bde-bdf7-bd3415cfed3c', 'c4960578-d8b1-4f8f-b1f9-18c0484ba964', '82353a4d-f381-42ef-b735-89de87e2ee40', '2025-06-24 18:08:25', '2025-06-24 18:08:25'),
('d322cc96-869f-4536-b2b9-35e95b085bd3', 'e100a2e9-5720-447d-8c51-1b42a16af31a', 'b9618300-6848-48a1-b641-4a9f13cf922b', '2025-06-24 18:08:25', '2025-06-24 18:08:25'),
('d35adad1-8ce7-4318-b97c-a48ca3fb7a46', 'c4960578-d8b1-4f8f-b1f9-18c0484ba964', '2ef9e9f8-e581-49d0-acd4-706399e7040d', '2025-06-24 18:08:25', '2025-06-24 18:08:25'),
('d38d2045-c3fd-46a7-b59f-d6f93de558fc', 'f9983162-66e9-4771-a4b7-6dd3788a215d', 'be0d411b-1630-43e3-837c-99bcbc69ee6f', '2025-06-24 18:08:25', '2025-06-24 18:08:25'),
('d57c7804-0f3d-4730-8c8b-b3e54ab958c8', 'e100a2e9-5720-447d-8c51-1b42a16af31a', 'acbdffa8-ecbd-4823-8cd2-4fb16b365a7e', '2025-06-24 18:08:25', '2025-06-24 18:08:25'),
('d58894c5-6277-4e4a-81db-4b08bf9ff23b', 'e100a2e9-5720-447d-8c51-1b42a16af31a', 'b93873c2-53a3-47b2-9a9f-d6febc071e68', '2025-06-24 18:08:25', '2025-06-24 18:08:25'),
('d5942e6f-b191-4755-971e-f411a6e5ba09', 'e100a2e9-5720-447d-8c51-1b42a16af31a', 'f2ac802b-c300-4a51-a555-6889c3947913', '2025-06-24 18:08:25', '2025-06-24 18:08:25'),
('d6a94809-cc5b-4a45-b76c-e173c1f40abf', 'e100a2e9-5720-447d-8c51-1b42a16af31a', '4a59fb52-131e-4339-89c1-f22673c85976', '2025-06-24 18:08:25', '2025-06-24 18:08:25'),
('d71cd4e4-4b92-48d3-b11c-1e3335921a21', '74afd44f-616a-4e34-b9fa-f4279562bb5d', '9890bcc6-b44b-4be8-bede-f23dcd428da2', '2025-06-24 18:08:25', '2025-06-24 18:08:25'),
('d7282159-13eb-4b24-970f-3d1574d9ec24', 'e100a2e9-5720-447d-8c51-1b42a16af31a', 'ba70af64-72f8-4f76-b89a-adbd27cd4861', '2025-06-24 18:08:25', '2025-06-24 18:08:25'),
('d72e6d7c-9283-4584-991a-1f7017db2b7d', '74afd44f-616a-4e34-b9fa-f4279562bb5d', '3c58dcca-eb71-4a19-9cf6-07dd1b89133b', '2025-06-24 18:08:25', '2025-06-24 18:08:25'),
('d7ebc113-0fe0-4d8e-bef8-9041c957bb89', '74afd44f-616a-4e34-b9fa-f4279562bb5d', '0719e679-38ac-4658-83fd-88d8d45f6940', '2025-06-24 18:08:25', '2025-06-24 18:08:25'),
('d93cde71-d2b1-4bd8-bdbe-3dffd31156f0', 'c4960578-d8b1-4f8f-b1f9-18c0484ba964', '7771c509-92b4-414c-9ae0-97e274fc33ec', '2025-06-24 18:08:25', '2025-06-24 18:08:25'),
('da68f241-6ac0-45e2-b3aa-24373f2ea0f8', '74afd44f-616a-4e34-b9fa-f4279562bb5d', 'cca942c1-49a8-4a47-aab8-290f3bc13369', '2025-06-24 18:08:25', '2025-06-24 18:08:25'),
('db2a3cc7-4835-449e-831f-9a5390f70528', 'e100a2e9-5720-447d-8c51-1b42a16af31a', '46865e52-0e81-4005-b5db-fc7cc872f995', '2025-06-24 18:08:25', '2025-06-24 18:08:25'),
('dba60687-6f21-48f0-b2ed-7a19afe4bd66', '74afd44f-616a-4e34-b9fa-f4279562bb5d', 'a000857d-b63e-4f7a-bc8c-f168aa87ec39', '2025-06-24 18:08:25', '2025-06-24 18:08:25'),
('e1a3311c-c4c5-49ee-bd54-41da52a17387', 'c4960578-d8b1-4f8f-b1f9-18c0484ba964', 'ece731cf-e89b-4493-a7cb-b1758756844a', '2025-06-24 18:08:25', '2025-06-24 18:08:25'),
('e2103358-785c-47f3-aebf-4be8d0ba6659', 'f9983162-66e9-4771-a4b7-6dd3788a215d', '16f057eb-bf93-4e4c-832c-08350d2e3320', '2025-06-24 18:08:25', '2025-06-24 18:08:25'),
('e3e71016-7205-4875-9289-aeae5d6bd09f', 'f9983162-66e9-4771-a4b7-6dd3788a215d', 'f2d6f661-09c4-4e1d-8ade-6050ba9daec9', '2025-06-24 18:08:25', '2025-06-24 18:08:25'),
('e59a613b-32e6-4d14-b134-20f2c19af4d3', '74afd44f-616a-4e34-b9fa-f4279562bb5d', 'caf75f7f-ff37-4a19-8665-e74657340445', '2025-06-24 18:08:25', '2025-06-24 18:08:25'),
('e5a1f2bb-e886-423e-8c05-7242916b69f9', 'c4960578-d8b1-4f8f-b1f9-18c0484ba964', 'c4634f67-1c3f-4230-a5d5-2e1f37741514', '2025-06-24 18:08:25', '2025-06-24 18:08:25'),
('e6d1eeab-6004-400a-9ce9-83836883db46', 'c4960578-d8b1-4f8f-b1f9-18c0484ba964', 'f649c0c9-9b7b-45e4-8655-96d10e49b9ef', '2025-06-24 18:08:25', '2025-06-24 18:08:25'),
('e7de6313-a786-46cb-871e-e12212a2f548', '74afd44f-616a-4e34-b9fa-f4279562bb5d', '9b1fc7d8-93a8-47fc-ba26-b7b8758f920d', '2025-06-24 18:08:25', '2025-06-24 18:08:25'),
('e82b7633-041d-4dc3-b7e7-318e85be983a', 'f9983162-66e9-4771-a4b7-6dd3788a215d', '22af5cce-83ab-45a7-ad01-2dc77d06fce3', '2025-06-24 18:08:25', '2025-06-24 18:08:25'),
('e9b0786d-2f4e-4174-a6ae-7b84180cabfc', 'f9983162-66e9-4771-a4b7-6dd3788a215d', '464ef5fd-7fd8-4d6e-a7fe-f61a53708c9c', '2025-06-24 18:08:25', '2025-06-24 18:08:25'),
('ea7e7829-285e-4cbc-9058-d79421373040', 'e100a2e9-5720-447d-8c51-1b42a16af31a', '3c27a5fa-2e60-4240-be78-adddafa212e0', '2025-06-24 18:08:25', '2025-06-24 18:08:25'),
('eacc5460-7161-4299-8068-c9fcacdc5efe', '74afd44f-616a-4e34-b9fa-f4279562bb5d', '5fdeb032-84c2-4649-b729-223a88b400f3', '2025-06-24 18:08:25', '2025-06-24 18:08:25'),
('eb757d80-84dd-4983-b908-2349fa771e39', '74afd44f-616a-4e34-b9fa-f4279562bb5d', 'ba70af64-72f8-4f76-b89a-adbd27cd4861', '2025-06-24 18:08:25', '2025-06-24 18:08:25'),
('ec1d540a-1439-4a0c-ab0a-a5b42ab6d22d', 'c4960578-d8b1-4f8f-b1f9-18c0484ba964', '7d9ca6f8-fa46-4674-878b-efe2f201a572', '2025-06-24 18:08:25', '2025-06-24 18:08:25'),
('ecf2e94c-dd61-40c1-8b9a-faf7529863a4', '74afd44f-616a-4e34-b9fa-f4279562bb5d', '6ad30417-a40c-44fe-936e-e67ee5e80801', '2025-06-24 18:08:25', '2025-06-24 18:08:25'),
('ed3cd218-32e9-4fe5-9e58-69cbbe82dc2d', 'c4960578-d8b1-4f8f-b1f9-18c0484ba964', '243695ed-eae9-49d9-9000-59f8ef8b5678', '2025-06-24 18:08:25', '2025-06-24 18:08:25'),
('ee2466d2-d377-409a-9fbf-3cd11ebf7fc4', 'e100a2e9-5720-447d-8c51-1b42a16af31a', 'a194714a-aa96-45bc-ae31-008f672784cc', '2025-06-24 18:08:25', '2025-06-24 18:08:25'),
('ee3e942d-ca72-4b7e-b821-0e3194ad084a', 'e100a2e9-5720-447d-8c51-1b42a16af31a', 'c2853b28-62d4-4dae-b5fa-95867195a11e', '2025-06-24 18:08:25', '2025-06-24 18:08:25'),
('efba631a-67c0-4664-afd2-6e34aa57ba62', 'c4960578-d8b1-4f8f-b1f9-18c0484ba964', '91d30f98-400c-4778-949e-d7ae155f7c9c', '2025-06-24 18:08:25', '2025-06-24 18:08:25'),
('f1082564-5fcb-4559-a6a9-33147019c15c', '74afd44f-616a-4e34-b9fa-f4279562bb5d', 'ab958752-d0e8-44d2-b904-fde8cd19f4ab', '2025-06-24 18:08:25', '2025-06-24 18:08:25'),
('f13f6b41-fe16-49b2-9cf7-a40aa5bd9ce6', '74afd44f-616a-4e34-b9fa-f4279562bb5d', 'b93873c2-53a3-47b2-9a9f-d6febc071e68', '2025-06-24 18:08:25', '2025-06-24 18:08:25'),
('f2de0eb4-8e2b-48e6-9d28-567ce1dd1d47', 'e100a2e9-5720-447d-8c51-1b42a16af31a', '948dbf53-3239-4826-8318-41d2a58cbcbe', '2025-06-24 18:08:25', '2025-06-24 18:08:25'),
('f3445ba3-8368-4494-83b9-b3922b84ad2f', 'f9983162-66e9-4771-a4b7-6dd3788a215d', 'c4634f67-1c3f-4230-a5d5-2e1f37741514', '2025-06-24 18:08:25', '2025-06-24 18:08:25'),
('f3d812dc-e7d9-4a75-8a14-88cf527bab48', 'f9983162-66e9-4771-a4b7-6dd3788a215d', 'ece731cf-e89b-4493-a7cb-b1758756844a', '2025-06-24 18:08:25', '2025-06-24 18:08:25'),
('f48c370e-c860-4853-b6a8-46cc135405c8', '74afd44f-616a-4e34-b9fa-f4279562bb5d', '5ea5aaee-9529-4a80-8d2e-68f44837503e', '2025-06-24 18:08:25', '2025-06-24 18:08:25'),
('f4fd27f5-6bf4-4dfe-822e-f3058ab1d7a9', 'e100a2e9-5720-447d-8c51-1b42a16af31a', '1a576a10-fa99-4ef8-9a11-532b9ba55027', '2025-06-24 18:08:25', '2025-06-24 18:08:25'),
('f5853dc5-d733-4d26-86d8-97d2881e97c2', 'c4960578-d8b1-4f8f-b1f9-18c0484ba964', 'd2bd1bf0-8933-4961-9b04-36c39d502b79', '2025-06-24 18:08:25', '2025-06-24 18:08:25'),
('f5acbeda-b353-42d7-bba5-34503a7a36f3', '74afd44f-616a-4e34-b9fa-f4279562bb5d', 'ce44dbe3-1dc2-4938-b15d-747eeea23ca1', '2025-06-24 18:08:25', '2025-06-24 18:08:25'),
('f712d6fe-8bf0-4214-a9e9-14ab9973dc98', 'c4960578-d8b1-4f8f-b1f9-18c0484ba964', '5ff82ac1-1ca5-4560-b516-fbc8edfffd61', '2025-06-24 18:08:25', '2025-06-24 18:08:25'),
('f86b1f53-3ec5-472a-a4ba-031501538b4a', 'f9983162-66e9-4771-a4b7-6dd3788a215d', '5aea953d-f588-46b2-a260-e87b65a19532', '2025-06-24 18:08:25', '2025-06-24 18:08:25'),
('f9747be6-9d9d-4164-ba9a-1fd2b3f716be', '74afd44f-616a-4e34-b9fa-f4279562bb5d', '8a448a97-d991-4e71-87a9-fe7ac45e1396', '2025-06-24 18:08:25', '2025-06-24 18:08:25'),
('f992ae60-5b0f-4d1f-9ebe-fc9252ee7ad6', '74afd44f-616a-4e34-b9fa-f4279562bb5d', '604c1371-68a3-4658-99a2-6b5a6eb9c965', '2025-06-24 18:08:25', '2025-06-24 18:08:25'),
('f9bead53-70b4-4c2b-9542-46534399a5b1', 'e100a2e9-5720-447d-8c51-1b42a16af31a', 'caf75f7f-ff37-4a19-8665-e74657340445', '2025-06-24 18:08:25', '2025-06-24 18:08:25'),
('f9e25949-f994-4f85-9592-258603d8ac57', 'e100a2e9-5720-447d-8c51-1b42a16af31a', '8df12aa7-dd16-4842-9b57-1a1295ba82f6', '2025-06-24 18:08:25', '2025-06-24 18:08:25'),
('fa99b889-e52d-4fa2-b16e-126516ddaf3d', 'e100a2e9-5720-447d-8c51-1b42a16af31a', 'b42165d1-5bf7-45a7-a006-9ae86866875d', '2025-06-24 18:08:25', '2025-06-24 18:08:25'),
('fcced644-0684-46ff-b2c4-5a050c03472b', '74afd44f-616a-4e34-b9fa-f4279562bb5d', '6e45488b-b55b-4f1c-992e-d7564f2eaf39', '2025-06-24 18:08:25', '2025-06-24 18:08:25'),
('fd08f617-6eb8-4519-b436-e202953122a4', 'c4960578-d8b1-4f8f-b1f9-18c0484ba964', '190c673b-cb5b-4678-af6f-58054abd534a', '2025-06-24 18:08:25', '2025-06-24 18:08:25'),
('fedb3b8c-c583-4c22-8c4a-b93a59baefd1', '74afd44f-616a-4e34-b9fa-f4279562bb5d', '12a81f77-ec93-4ed7-a350-24a418962119', '2025-06-24 18:08:25', '2025-06-24 18:08:25'),
('ff222f22-46ef-4d6a-a70f-ca0a3c3ab8df', 'e100a2e9-5720-447d-8c51-1b42a16af31a', 'b829e652-90bb-40b1-a256-168a980c7c87', '2025-06-24 18:08:25', '2025-06-24 18:08:25'),
('fffd51fc-992f-4955-b893-f683246453af', 'f9983162-66e9-4771-a4b7-6dd3788a215d', '11f0c23e-b07c-44ad-a422-ef12c2715485', '2025-06-24 18:08:25', '2025-06-24 18:08:25');

-- --------------------------------------------------------

--
-- Table structure for table `inventories`
--

CREATE TABLE `inventories` (
  `id` char(36) CHARACTER SET utf8mb4 COLLATE utf8mb4_bin NOT NULL,
  `profile_id` char(36) CHARACTER SET utf8mb4 COLLATE utf8mb4_bin NOT NULL,
  `item_id` char(36) CHARACTER SET utf8mb4 COLLATE utf8mb4_bin NOT NULL,
  `quantity` int(11) NOT NULL DEFAULT 1,
  `createdAt` datetime NOT NULL,
  `updatedAt` datetime NOT NULL
) ENGINE=InnoDB DEFAULT CHARSET=utf8mb4;

-- --------------------------------------------------------

--
-- Table structure for table `items`
--

CREATE TABLE `items` (
  `id` char(36) CHARACTER SET utf8mb4 COLLATE utf8mb4_bin NOT NULL,
  `name` varchar(255) NOT NULL,
  `description` text DEFAULT NULL,
  `type` enum('equipment','consumable','material') NOT NULL,
  `base_price` int(11) NOT NULL DEFAULT 0,
  `createdAt` datetime NOT NULL,
  `updatedAt` datetime NOT NULL
) ENGINE=InnoDB DEFAULT CHARSET=utf8mb4;

--
-- Dumping data for table `items`
--

INSERT INTO `items` (`id`, `name`, `description`, `type`, `base_price`, `createdAt`, `updatedAt`) VALUES
('06409fe6-739c-4fe2-9eb4-7fd6194cef67', 'Health Potion', 'Restores health points', 'consumable', 25, '2025-06-24 18:08:25', '2025-06-24 18:08:25'),
('079a2251-e5de-4694-8b19-4c64b8d07fe9', 'Iron Ore', 'Raw iron for crafting', 'material', 10, '2025-06-24 18:08:25', '2025-06-24 18:08:25'),
('20248b46-e00f-4eda-a697-631859191d7c', 'Healing Salve', 'Gradual health recovery', 'consumable', 15, '2025-06-24 18:08:25', '2025-06-24 18:08:25'),
('35112f14-3264-46b1-9dd2-a246d4fbfeb7', 'Iron Sword', 'A sturdy iron sword', 'equipment', 100, '2025-06-24 18:08:25', '2025-06-24 18:08:25'),
('3cc87bdc-b375-4c7a-ae83-d2a6c7d8ca85', 'Magic Crystal', 'Crystal infused with magic', 'material', 50, '2025-06-24 18:08:25', '2025-06-24 18:08:25'),
('45b55a35-6c88-4057-9740-bbde1877bd36', 'Mana Potion', 'Restores mana points', 'consumable', 30, '2025-06-24 18:08:25', '2025-06-24 18:08:25'),
('509f91ae-631c-4244-8418-d575eb7b84f6', 'Dragon Helm', 'Helmet made from dragon scales', 'equipment', 250, '2025-06-24 18:08:25', '2025-06-24 18:08:25'),
('63883bfa-bd55-4141-ab96-41ffd44dc65e', 'Antidote', 'Cures poison effects', 'consumable', 20, '2025-06-24 18:08:25', '2025-06-24 18:08:25'),
('675e2694-b940-4d11-a47a-112e30294c35', 'Chain Mail', 'Flexible chain armor', 'equipment', 200, '2025-06-24 18:08:25', '2025-06-24 18:08:25'),
('6e2f4d15-2cf3-427a-8927-7e9805ba112b', 'Herb Bundle', 'Collection of useful herbs', 'material', 8, '2025-06-24 18:08:25', '2025-06-24 18:08:25'),
('84e2ac45-973e-46c4-93df-2ff5d4fd1952', 'Steel Shield', 'A reliable steel shield', 'equipment', 80, '2025-06-24 18:08:25', '2025-06-24 18:08:25'),
('8b72f90c-31ec-4aae-b885-f0fdfb449fcf', 'Stamina Elixir', 'Boosts stamina temporarily', 'consumable', 35, '2025-06-24 18:08:25', '2025-06-24 18:08:25'),
('90a426c4-9011-4e42-8d01-aae674dc6dcc', 'Mystic Robe', 'Robes for magic users', 'equipment', 90, '2025-06-24 18:08:25', '2025-06-24 18:08:25'),
('989207e7-d835-4663-a601-6d870aed5d50', 'Fire Resistance Potion', 'Protects against fire damage', 'consumable', 50, '2025-06-24 18:08:25', '2025-06-24 18:08:25'),
('9af24ca1-8673-49c8-9190-da2bea42ebb2', 'Silver Ingot', 'Refined silver bar', 'material', 25, '2025-06-24 18:08:25', '2025-06-24 18:08:25'),
('a08831f1-c39b-479d-ad6c-f61747cff3e1', 'Elven Boots', 'Light and swift boots', 'equipment', 70, '2025-06-24 18:08:25', '2025-06-24 18:08:25'),
('b129b01e-a811-452c-b323-c3dcc0ad97a7', 'Energy Drink', 'Restores energy quickly', 'consumable', 25, '2025-06-24 18:08:25', '2025-06-24 18:08:25'),
('b8536857-cf9c-4d1e-a15f-3ce92a91af00', 'Leather Armor', 'Basic leather protection', 'equipment', 120, '2025-06-24 18:08:25', '2025-06-24 18:08:25'),
('caf2eefd-badc-4100-9267-5d3c5bee764d', 'Fabric Roll', 'Fine fabric for clothing', 'material', 12, '2025-06-24 18:08:25', '2025-06-24 18:08:25'),
('cd870542-9d0a-4dd9-8ed7-f2a9aaa40742', 'Leather Hide', 'Animal hide for armor making', 'material', 15, '2025-06-24 18:08:25', '2025-06-24 18:08:25'),
('cfb9fa1b-b3db-4679-b8ae-a283116b55f2', 'Magic Staff', 'A staff imbued with magic', 'equipment', 150, '2025-06-24 18:08:25', '2025-06-24 18:08:25'),
('d4ddab33-0e4a-4e56-a797-16c56477d24a', 'Silver Bow', 'An elegant silver bow', 'equipment', 110, '2025-06-24 18:08:25', '2025-06-24 18:08:25'),
('d5871077-d151-4222-aed2-c06174c07e47', 'Gemstone', 'Precious gemstone', 'material', 75, '2025-06-24 18:08:25', '2025-06-24 18:08:25'),
('d6f37225-58ec-44d2-a3f3-e18f1c1e9dfc', 'Steel Ingot', 'High quality steel bar', 'material', 30, '2025-06-24 18:08:25', '2025-06-24 18:08:25'),
('dea8ad4c-8c0f-4fa6-a8ed-a9543e1dd7c7', 'Dragon Scale', 'Rare dragon scale material', 'material', 100, '2025-06-24 18:08:25', '2025-06-24 18:08:25'),
('dffafb68-112d-4cff-962b-151392bf6445', 'Speed Potion', 'Increases movement speed', 'consumable', 35, '2025-06-24 18:08:25', '2025-06-24 18:08:25'),
('e0f09011-c024-4bf1-8c15-e2bb85a62337', 'Wood Log', 'Quality wood for crafting', 'material', 5, '2025-06-24 18:08:25', '2025-06-24 18:08:25'),
('e5d15d3b-5224-4e0b-9ca6-d8ff8a1ab868', 'Invisibility Potion', 'Makes you invisible briefly', 'consumable', 100, '2025-06-24 18:08:25', '2025-06-24 18:08:25'),
('e81ed67d-2c1f-42f2-9521-c93357f31866', 'Strength Brew', 'Increases strength temporarily', 'consumable', 40, '2025-06-24 18:08:25', '2025-06-24 18:08:25'),
('f9f4c41b-d474-4c1e-8416-150c00f73fec', 'War Hammer', 'A powerful war hammer', 'equipment', 130, '2025-06-24 18:08:25', '2025-06-24 18:08:25');

-- --------------------------------------------------------

--
-- Table structure for table `profiles`
--

CREATE TABLE `profiles` (
  `id` char(36) CHARACTER SET utf8mb4 COLLATE utf8mb4_bin NOT NULL,
  `user_id` char(36) CHARACTER SET utf8mb4 COLLATE utf8mb4_bin NOT NULL,
  `username` varchar(255) NOT NULL,
  `game_currency` int(11) NOT NULL DEFAULT 0,
  `score` int(11) NOT NULL DEFAULT 0,
  `createdAt` datetime NOT NULL,
  `updatedAt` datetime NOT NULL
) ENGINE=InnoDB DEFAULT CHARSET=utf8mb4;

--
-- Dumping data for table `profiles`
--

INSERT INTO `profiles` (`id`, `user_id`, `username`, `game_currency`, `score`, `createdAt`, `updatedAt`) VALUES
('00b1b986-ae76-43c6-8fb2-1c729d106dea', '35811899-28a7-41e9-b460-f83593d0ce2a', 'user42', 100, 698, '2025-06-24 18:08:18', '2025-06-24 18:08:18'),
('0a919fd4-7ef8-4445-a810-6ef90d638f24', 'da0dacb8-8586-4179-9adc-2e41e0347acf', 'user95', 100, 395, '2025-06-24 18:08:24', '2025-06-24 18:08:24'),
('0cf91409-9692-4b0c-8b7d-b0e26d598075', '761f9ac2-4e8b-4d59-93f3-33cb9bc5edb1', 'user99', 100, 763, '2025-06-24 18:08:24', '2025-06-24 18:08:24'),
('1311e2f0-268d-42b5-a83c-5e3e1af4dc50', '399a65f6-aa83-4831-8146-4afc7b9f76b3', 'user59', 100, 437, '2025-06-24 18:08:20', '2025-06-24 18:08:20'),
('162f80f0-b483-4588-8f13-42423dad5df7', 'ab989778-ad74-46d3-b1df-14e63a17319b', 'user81', 100, 652, '2025-06-24 18:08:22', '2025-06-24 18:08:22'),
('1795d739-2ec4-4ffd-a4ca-712a5f10da2e', 'dec39045-b660-4b34-8069-581b720afd23', 'user55', 100, 874, '2025-06-24 18:08:19', '2025-06-24 18:08:19'),
('19897c4e-d3d7-4633-bad9-1bbf337432d5', 'd46500bc-f96a-490d-ad8a-5c4c5c711ff9', 'user94', 100, 363, '2025-06-24 18:08:24', '2025-06-24 18:08:24'),
('1c8512f1-5ce7-447f-b4f3-3ea1b52daa05', '9194efeb-6741-40ca-8cf1-019f6b407704', 'user62', 100, 179, '2025-06-24 18:08:20', '2025-06-24 18:08:20'),
('1d78f05d-dcb8-4499-bee7-23b9dadac64f', '8cb6675d-e64a-4064-aed6-ed0795df84a4', 'user7', 100, 727, '2025-06-24 18:08:14', '2025-06-24 18:08:14'),
('1f9810e4-8d05-47f4-b362-b1e6f48a4e50', '36477a17-4229-4876-9cf2-c0fbb62ddaef', 'user97', 100, 422, '2025-06-24 18:08:24', '2025-06-24 18:08:24'),
('214b9222-7b95-411b-ac7d-2ce06797a0ee', 'da8d3432-1e84-4eeb-8701-e2dc0866da8a', 'user68', 100, 526, '2025-06-24 18:08:20', '2025-06-24 18:08:20'),
('26268a35-6726-4bdb-870c-bf056f50d856', '5e95748b-b8d2-4217-827e-4ed15b0486a2', 'user38', 100, 555, '2025-06-24 18:08:18', '2025-06-24 18:08:18'),
('2850dd43-77f5-4172-843f-c6c1085d0694', 'fdd49c83-d024-4460-a9a3-3908dbdab82e', 'user44', 100, 796, '2025-06-24 18:08:18', '2025-06-24 18:08:18'),
('287abe47-6b5f-457c-8f35-cc299a61eaae', '682fcb96-a730-47e0-bc2c-0d975a0ed1c9', 'user48', 100, 303, '2025-06-24 18:08:19', '2025-06-24 18:08:19'),
('2aea7419-857d-465b-860a-a301992ec66d', '47aa6eea-2414-4277-8fb2-fe5d2bdf45e5', 'user36', 100, 589, '2025-06-24 18:08:17', '2025-06-24 18:08:17'),
('2caf92f5-29e7-49d2-a7b1-5c88df6f4355', '2ed92cce-972b-45e8-99b4-69480f17ac3c', 'user61', 100, 928, '2025-06-24 18:08:20', '2025-06-24 18:08:20'),
('3011a03f-6948-4c96-a36f-f961c621879b', '7331e9c5-51c5-4abb-8e60-19003167211b', 'user25', 100, 9, '2025-06-24 18:08:16', '2025-06-24 18:08:16'),
('312ede24-0211-48f9-bc46-4ee23ca9d670', '86df8e07-a473-4272-a728-eea65e5df646', 'user69', 100, 699, '2025-06-24 18:08:21', '2025-06-24 18:08:21'),
('31959753-4f80-40c1-a8b8-1980e12fbb3e', '98aad573-74c6-4f13-80b7-75c9dc7474db', 'user79', 100, 591, '2025-06-24 18:08:22', '2025-06-24 18:08:22'),
('32099ae7-cbb1-4228-ab7a-812e4fba80c1', 'f1ca6010-63c5-41d3-b569-ef1cf65e4a3c', 'user53', 100, 880, '2025-06-24 18:08:19', '2025-06-24 18:08:19'),
('329a630a-adf9-41e1-8f36-89db37ce44f9', '7141af71-d860-4e6b-8505-07afce2ec9c3', 'user77', 100, 232, '2025-06-24 18:08:21', '2025-06-24 18:08:21'),
('346286b5-c677-4c3a-8406-e5d718c8c323', '2223fa54-ddbd-4e91-83f2-fbb5e8652a89', 'user12', 100, 901, '2025-06-24 18:08:15', '2025-06-24 18:08:15'),
('3780fecd-09d9-4862-8c5d-2f244ec6c9d7', '66728afb-c95f-4aed-9f98-c241ad7b6de5', 'user4', 100, 311, '2025-06-24 18:08:14', '2025-06-24 18:08:14'),
('39ee332e-f2c1-409f-97c1-0f197e0f40e6', 'd26949e7-3f6e-454a-ae77-d263143dbb9d', 'user70', 100, 806, '2025-06-24 18:08:21', '2025-06-24 18:08:21'),
('41df663f-7beb-4ade-8904-2c633784bc96', '25a37fb5-a94f-4bb9-9d07-0c300a168cfd', 'user37', 100, 44, '2025-06-24 18:08:18', '2025-06-24 18:08:18'),
('4386ea1c-1dcd-4279-8ba1-bc9f4a677d1d', '892cfb05-7c4f-4f95-a8d7-eaf4926a544d', 'user41', 100, 12, '2025-06-24 18:08:18', '2025-06-24 18:08:18'),
('453fa915-d4e6-4e65-b3f5-22766142d1e6', 'f3656819-1746-4ae8-b5ca-3c11afe82fad', 'user86', 100, 689, '2025-06-24 18:08:23', '2025-06-24 18:08:23'),
('4824cc42-e744-4c63-9f10-6c84abd0f87b', 'c7740766-25d8-4359-ab64-9d286c991ade', 'user98', 100, 145, '2025-06-24 18:08:24', '2025-06-24 18:08:24'),
('4a7d219c-06c1-42da-94e0-38860bbba871', 'a54ce01a-fea9-4978-90cb-f9cee352039b', 'user57', 100, 166, '2025-06-24 18:08:19', '2025-06-24 18:08:19'),
('4b95e478-b310-45fa-bfd2-0cb51c650920', 'd08a2011-9978-4094-bf9c-9efe761d8756', 'user33', 100, 397, '2025-06-24 18:08:17', '2025-06-24 18:08:17'),
('4ba54162-3d61-4d69-9478-13b51915f7df', '69570223-10ef-4c60-8f0e-223bff5e098f', 'user58', 100, 596, '2025-06-24 18:08:20', '2025-06-24 18:08:20'),
('4c22ff02-9b19-4fb4-9d33-331f2c21827d', '9a9b24cd-78d2-4ca7-855e-71fe73c4f706', 'user63', 100, 142, '2025-06-24 18:08:20', '2025-06-24 18:08:20'),
('4d94e52d-55b3-4ed4-948a-582aac79efab', '70a0fc68-793a-44f8-b963-e0ee8002ccce', 'user65', 100, 883, '2025-06-24 18:08:20', '2025-06-24 18:08:20'),
('4e6bace7-2668-4023-a458-d115cb3e7e84', 'effad119-5aca-448f-8619-c449dcdf8c6e', 'user76', 100, 470, '2025-06-24 18:08:21', '2025-06-24 18:08:21'),
('4f1d507f-c565-4708-87dd-a0612475b611', '2b6d6e63-a116-4dcf-8cea-ef88b4cb9c40', 'user88', 100, 849, '2025-06-24 18:08:23', '2025-06-24 18:08:23'),
('5218a8cc-959d-491e-80d1-a8be735e9fc6', 'a1b8fc35-eaf4-47ae-8992-969980e70ad2', 'user34', 100, 797, '2025-06-24 18:08:17', '2025-06-24 18:08:17'),
('543ddc5c-9780-4cd4-891d-833828a17e39', 'db18d845-229c-4c19-bd46-9bef238e69b8', 'user89', 100, 685, '2025-06-24 18:08:23', '2025-06-24 18:08:23'),
('5497c449-6602-4e40-923b-621c6115ea52', '16001293-ab65-4b09-9486-bf789a701bb5', 'user75', 100, 288, '2025-06-24 18:08:21', '2025-06-24 18:08:21'),
('55e21764-4976-4be9-9fd0-127ca6415687', '1c1c13f8-0f0f-4627-a6f4-580a45b719d4', 'user56', 100, 939, '2025-06-24 18:08:19', '2025-06-24 18:08:19'),
('56742313-ad92-48b5-8f23-55f77c05b113', 'cff732c7-3790-4949-b684-9724199ee4c8', 'user64', 100, 215, '2025-06-24 18:08:20', '2025-06-24 18:08:20'),
('5737c0e1-3120-4d41-a7cf-1ddb16dcfb43', '28c8c959-67b2-4bdf-89b7-45f3b643e6c4', 'user73', 100, 842, '2025-06-24 18:08:21', '2025-06-24 18:08:21'),
('5d501ab1-fbf7-4265-add1-ce3fa4517bdb', 'e4247bf3-ffc2-4ea9-bb98-5b5bd03b2aa8', 'user49', 100, 566, '2025-06-24 18:08:19', '2025-06-24 18:08:19'),
('624a2906-be99-481f-81b2-790e2d2ed25f', 'b0928c06-c0be-450f-b4fb-50b002c9f243', 'user35', 100, 431, '2025-06-24 18:08:17', '2025-06-24 18:08:17'),
('62ee4e0c-8a5b-4667-95fb-f5e02cec7840', 'd90e90eb-00f7-4152-89c0-cdd61d63e5f4', 'user13', 100, 112, '2025-06-24 18:08:15', '2025-06-24 18:08:15'),
('6592a80b-c238-483b-8150-99a3853d5df5', 'f316ff25-d07f-48cc-977b-a20b78b01f41', 'user60', 100, 9, '2025-06-24 18:08:20', '2025-06-24 18:08:20'),
('6ca40265-bffd-4d16-8864-04e786c61ce6', '171b1990-19ff-4734-8649-5b96537c8050', 'user67', 100, 169, '2025-06-24 18:08:20', '2025-06-24 18:08:20'),
('6dd0397d-ae9a-44e2-b46c-590d49037dae', '76ac6d6e-39c8-4fc4-85cf-76b54f8f425c', 'user31', 100, 445, '2025-06-24 18:08:17', '2025-06-24 18:08:17'),
('6eaf05bf-0eb2-478e-8b07-69919e48d827', 'dde0167e-ae77-4a96-ac45-3a3d733d3996', 'user18', 100, 444, '2025-06-24 18:08:15', '2025-06-24 18:08:15'),
('701e4604-0d1e-4c0d-9c5c-43ba1e21a7aa', '55522240-5f0b-4866-816d-2a073ea98b1a', 'user9', 100, 244, '2025-06-24 18:08:14', '2025-06-24 18:08:14'),
('7270b4a7-8829-4c02-b805-148ec8c993b3', '44dd83be-b0fd-48db-b192-135a8bcefce7', 'user40', 100, 349, '2025-06-24 18:08:18', '2025-06-24 18:08:18'),
('758e5161-37df-461d-a531-ef4c3c958e67', 'dfc234a1-877b-4b6b-81a9-4b807e930810', 'user54', 100, 8, '2025-06-24 18:08:19', '2025-06-24 18:08:19'),
('7a015a04-9e58-4281-95f4-31e932f77dcf', '5de3712a-f726-460d-bded-f8ff9ab7859c', 'user24', 100, 50, '2025-06-24 18:08:16', '2025-06-24 18:08:16'),
('7f9a9b5d-7f36-4b3d-8c18-66cdf6de20af', '8b9861dc-feae-4fef-99e8-bccbd28b2112', 'user78', 100, 775, '2025-06-24 18:08:21', '2025-06-24 18:08:21'),
('8148f6e7-2f88-4de8-93d1-0f32020628fd', '267d9332-3b07-4aad-b5b4-224d7329c308', 'user21', 100, 708, '2025-06-24 18:08:16', '2025-06-24 18:08:16'),
('85054be7-9813-4ebe-ac6d-36b0d12c97ff', 'd0f50e60-5ad6-4d3e-ad95-685f9989e2ef', 'user16', 100, 467, '2025-06-24 18:08:15', '2025-06-24 18:08:15'),
('88f0b802-779e-4fb5-949b-0c862f467ad3', 'a699f4d8-3c21-4520-a04d-53500c2a668e', 'user71', 100, 593, '2025-06-24 18:08:21', '2025-06-24 18:08:21'),
('8a0bb26a-dd8d-4262-aec1-83d132ca99f4', 'b08fe28f-54cf-4071-b508-62bfc547384d', 'user91', 100, 416, '2025-06-24 18:08:23', '2025-06-24 18:08:23'),
('8a65497d-6897-42d7-a37d-b5d6fb011a6d', 'a229b74c-a4cd-413f-9a4e-08db85c96305', 'user14', 100, 864, '2025-06-24 18:08:15', '2025-06-24 18:08:15'),
('8d65dc7d-9204-4b48-8605-df9c4fe99f07', '38a26348-75fa-413d-8cdf-365ee771a9d6', 'user6', 100, 17, '2025-06-24 18:08:14', '2025-06-24 18:08:14'),
('909598e0-1d84-452e-933b-b5117487512b', 'dda90948-a1ee-4d30-8a70-7b369ea44b1b', 'user29', 100, 168, '2025-06-24 18:08:17', '2025-06-24 18:08:17'),
('924cf9f3-d37e-4b47-9854-40f4a2882e3b', 'ab5594ed-aec9-4c35-be11-f4a58c8a15dc', 'user2', 100, 437, '2025-06-24 18:08:14', '2025-06-24 18:08:14'),
('93577f74-5a06-4785-80d8-1f0f1655629d', '3f384b1b-691e-412e-8302-55b632f7332f', 'user84', 100, 43, '2025-06-24 18:08:22', '2025-06-24 18:08:22'),
('952c3715-316d-44e3-87fd-e22fe6bd037b', '9f63e13e-7aa7-40db-aca8-164a75b14683', 'user23', 100, 596, '2025-06-24 18:08:16', '2025-06-24 18:08:16'),
('97c657f0-b15a-402e-b5bd-7b17b5ff42ed', 'ffb65b81-2b2c-4846-9afa-b04c9d9c0734', 'user51', 100, 22, '2025-06-24 18:08:19', '2025-06-24 18:08:19'),
('99ab13b5-ccfc-45c8-85b9-e5c28a9181ba', '4e8f4fba-ca17-4453-b21e-c2dd90065b47', 'user50', 100, 209, '2025-06-24 18:08:19', '2025-06-24 18:08:19'),
('9f6d2f5f-ac39-4ce9-ac93-7c10d1dec09b', 'e21800d7-f45d-454f-b0f8-d9f33e26efa9', 'user30', 100, 722, '2025-06-24 18:08:17', '2025-06-24 18:08:17'),
('9fca9734-4b0f-4eba-9308-1967dd7cc0ca', 'a583e979-4562-46cf-8f99-069e1d05bf19', 'user28', 100, 169, '2025-06-24 18:08:17', '2025-06-24 18:08:17'),
('a39aa305-08aa-4c24-8b7f-5761d25e6f45', 'b5f5870d-8dca-4b48-a58d-82dbf916d779', 'user82', 100, 873, '2025-06-24 18:08:22', '2025-06-24 18:08:22'),
('a9a13964-f1e6-4bca-9012-752ae22ab526', '2c229baa-fc00-4e61-9717-7bae67d9a0b5', 'user17', 100, 58, '2025-06-24 18:08:15', '2025-06-24 18:08:15'),
('b2032bbc-a77e-45a7-a347-3078803745b5', '0459ee5f-e6ee-407c-8d1c-fef9a226ff59', 'user96', 100, 859, '2025-06-24 18:08:24', '2025-06-24 18:08:24'),
('b45822bf-b64b-4ebb-a34f-d836e17f6017', '568c9ea6-3f68-400c-9823-2afc73c2bdfb', 'user22', 100, 608, '2025-06-24 18:08:16', '2025-06-24 18:08:16'),
('b88d01a3-61c8-4baf-b606-a146d4eea628', '0aa68717-3294-4234-86a7-71b859471439', 'user10', 100, 490, '2025-06-24 18:08:15', '2025-06-24 18:08:15'),
('bcf7804d-32ef-4ee3-b218-bbb4fc81a94c', '6adc500e-f97b-40d6-ab1e-69a7bd9b9428', 'user32', 100, 342, '2025-06-24 18:08:17', '2025-06-24 18:08:17'),
('c0fb9382-4bd5-4cbf-8d4d-552e17173786', '876b3f60-80d6-4703-9ce5-4845a378cc78', 'user11', 100, 773, '2025-06-24 18:08:15', '2025-06-24 18:08:15'),
('c2505962-c9d8-440d-8224-16a1cec3e4f2', '144fb65f-63bb-4f07-9a96-b1b7ee9a8e5e', 'user90', 100, 124, '2025-06-24 18:08:23', '2025-06-24 18:08:23'),
('c4117f5f-a7bd-482f-8ce0-ecd8993adc4f', 'bdd12603-94a8-4bcd-bed6-53371ed64121', 'user3', 100, 603, '2025-06-24 18:08:14', '2025-06-24 18:08:14'),
('c4437ff1-44b0-47a0-bbdc-a4de1f4bbc07', 'a296e5b9-20d9-496a-a5a0-c9428958b2ce', 'user93', 100, 288, '2025-06-24 18:08:24', '2025-06-24 18:08:24'),
('c6067661-4021-4343-aa3b-078f32e1522b', '83f14495-e7ec-4885-b971-244b0934f17c', 'user74', 100, 193, '2025-06-24 18:08:21', '2025-06-24 18:08:21'),
('c8bf1292-bad4-4d8c-ae4e-bf44bb928d11', 'd89009e8-3251-4e33-8467-5da0d9d9cde2', 'user20', 100, 260, '2025-06-24 18:08:16', '2025-06-24 18:08:16'),
('c93e45b5-5c92-4ec7-9bf8-df9b98a0cc6a', '07743205-8a22-435f-835d-3c0315813b1b', 'user85', 100, 376, '2025-06-24 18:08:22', '2025-06-24 18:08:22'),
('c9531c29-f4ae-4847-8759-cdab94b8bd37', '86f6d8ba-683a-48bb-9e2e-6e124075bd05', 'user45', 100, 246, '2025-06-24 18:08:18', '2025-06-24 18:08:18'),
('ca04c5c2-6f9a-4e9d-ab08-2c84962ec574', 'fa0f05bf-5875-4eab-ba97-4bb17e537d56', 'user27', 100, 274, '2025-06-24 18:08:16', '2025-06-24 18:08:16'),
('cc896d7f-5198-4856-8b3e-a012cd966256', 'd4bd62a1-656d-4333-98b2-ba378b7133a0', 'user47', 100, 558, '2025-06-24 18:08:18', '2025-06-24 18:08:18'),
('ce0433ac-5866-49bc-8caa-a51f8358c7c3', 'c1c27c44-f62e-47f1-aad2-2f3cf6a08b96', 'user19', 100, 273, '2025-06-24 18:08:16', '2025-06-24 18:08:16'),
('cf09c637-8943-400f-ad26-8811cf4f746a', '64445db1-1d87-447f-9e9d-7e22a05d541c', 'user1', 1300, 83, '2025-06-24 18:08:13', '2025-06-24 19:45:00'),
('d14e8264-68f2-4cc4-a5df-3dd021674163', '941141ba-de2b-4740-bc45-3654337d9e26', 'user66', 100, 846, '2025-06-24 18:08:20', '2025-06-24 18:08:20'),
('d4248e9b-ad60-4e82-bba0-1cc43ff4b3a6', 'b7bd5f29-d9fc-4d22-8436-58679cf12ba0', 'user72', 100, 857, '2025-06-24 18:08:21', '2025-06-24 18:08:21'),
('d4f60f9c-8674-48fc-a449-0503faea5755', 'eb999a6d-226d-4eca-bfa3-f73cddd3277f', 'user100', 100, 884, '2025-06-24 18:08:25', '2025-06-24 18:08:25'),
('d9605a99-1dd3-4521-aa50-2d0f5e6e677f', '87262f4d-e931-4ce6-bf6a-d1a5d8f38145', 'user8', 100, 717, '2025-06-24 18:08:14', '2025-06-24 18:08:14'),
('df01a27d-5eaa-4abb-a1fc-d79ba6a336f7', 'f635cba3-b9e7-4516-b401-6596a0a52e41', 'user26', 100, 943, '2025-06-24 18:08:16', '2025-06-24 18:08:16'),
('e152f74e-38fb-42e9-a0f8-13af408dd2e2', '25bb7be3-6359-4f0d-908d-82711d70bd9a', 'user15', 100, 199, '2025-06-24 18:08:15', '2025-06-24 18:08:15'),
('e4e8fd1c-9bb9-443f-8392-380f71d7b45f', '3585018b-8dc7-4b23-9bd3-7463e54a5b0d', 'user5', 100, 203, '2025-06-24 18:08:14', '2025-06-24 18:08:14'),
('ee826988-9faf-43df-a38e-000c24cb55c7', '3a21a218-cb55-4826-9f1f-a850278c00d8', 'user83', 100, 816, '2025-06-24 18:08:22', '2025-06-24 18:08:22'),
('f02dd8bb-cad8-41b5-8a06-57dbbb479608', '26d916f0-0a02-4d5a-8a00-1b0d617c48a3', 'user39', 100, 33, '2025-06-24 18:08:18', '2025-06-24 18:08:18'),
('f05e21a1-e854-413f-b877-35c26e970822', '54632851-fc8b-4364-9470-93795fcc5fa3', 'user92', 100, 952, '2025-06-24 18:08:23', '2025-06-24 18:08:23'),
('f06170ba-354b-4711-8676-0688c1ffa040', 'c5b36927-9c3b-4c0a-9b02-8247377b0267', 'user80', 100, 403, '2025-06-24 18:08:22', '2025-06-24 18:08:22'),
('f42f5ce2-5f67-4144-afd8-13dc812ee1c3', 'e0a49038-ed19-4121-98fc-2432aec41b38', 'user87', 100, 144, '2025-06-24 18:08:23', '2025-06-24 18:08:23'),
('f83abf10-9ba7-4bfd-8a98-e2f424af0e5f', '4589a495-db5e-4a44-a7be-099481e34ac7', 'user52', 100, 941, '2025-06-24 18:08:19', '2025-06-24 18:08:19'),
('fad19b91-f62f-40f0-b80c-02c8d213febe', '1130cd0e-47cb-4343-ac5d-ca0459862358', 'user46', 100, 916, '2025-06-24 18:08:18', '2025-06-24 18:08:18'),
('fc247531-769f-4de4-b68e-a1370cef586e', '86a38e1a-43a7-4c61-bd8d-b9d8b252d1bb', 'user43', 100, 149, '2025-06-24 18:08:18', '2025-06-24 18:08:18');

-- --------------------------------------------------------

--
-- Table structure for table `profile_battlepasses`
--

CREATE TABLE `profile_battlepasses` (
  `id` char(36) CHARACTER SET utf8mb4 COLLATE utf8mb4_bin NOT NULL,
  `profile_id` char(36) CHARACTER SET utf8mb4 COLLATE utf8mb4_bin NOT NULL,
  `battlepass_id` char(36) CHARACTER SET utf8mb4 COLLATE utf8mb4_bin NOT NULL,
  `status` enum('active','completed','expired') NOT NULL DEFAULT 'active',
  `createdAt` datetime NOT NULL,
  `updatedAt` datetime NOT NULL
) ENGINE=InnoDB DEFAULT CHARSET=utf8mb4;

--
-- Dumping data for table `profile_battlepasses`
--

INSERT INTO `profile_battlepasses` (`id`, `profile_id`, `battlepass_id`, `status`, `createdAt`, `updatedAt`) VALUES
('8935d4ce-aa9f-4650-a139-67ecd6202991', 'cf09c637-8943-400f-ad26-8811cf4f746a', '74afd44f-616a-4e34-b9fa-f4279562bb5d', 'active', '2025-06-24 19:45:00', '2025-06-24 19:45:00');

-- --------------------------------------------------------

--
-- Table structure for table `profile_quests`
--

CREATE TABLE `profile_quests` (
  `id` char(36) CHARACTER SET utf8mb4 COLLATE utf8mb4_bin NOT NULL,
  `profile_id` char(36) CHARACTER SET utf8mb4 COLLATE utf8mb4_bin NOT NULL,
  `quest_id` char(36) CHARACTER SET utf8mb4 COLLATE utf8mb4_bin NOT NULL,
  `profile_battlepass_id` char(36) CHARACTER SET utf8mb4 COLLATE utf8mb4_bin DEFAULT NULL,
  `status` enum('in_progress','completed','expired') NOT NULL,
  `createdAt` datetime NOT NULL,
  `updatedAt` datetime NOT NULL
) ENGINE=InnoDB DEFAULT CHARSET=utf8mb4;

--
-- Dumping data for table `profile_quests`
--

INSERT INTO `profile_quests` (`id`, `profile_id`, `quest_id`, `profile_battlepass_id`, `status`, `createdAt`, `updatedAt`) VALUES
('0b2f7a7d-8bf7-440e-87d0-ca99732520f4', 'cf09c637-8943-400f-ad26-8811cf4f746a', 'e8eab637-44d5-4aa6-b47c-7a72a4966849', '8935d4ce-aa9f-4650-a139-67ecd6202991', 'in_progress', '2025-06-24 19:45:00', '2025-06-24 19:45:00'),
('1810c59e-f2fc-47b7-8ee8-e5eb267c762c', 'cf09c637-8943-400f-ad26-8811cf4f746a', 'c82c8fba-aeb2-4634-a7de-46d63612b21e', '8935d4ce-aa9f-4650-a139-67ecd6202991', 'in_progress', '2025-06-24 19:45:00', '2025-06-24 19:45:00'),
('1b4e00fd-eada-4fe8-895f-30a9733b505f', 'cf09c637-8943-400f-ad26-8811cf4f746a', '54310fb3-bf8c-434d-82ad-a39b34e78b62', '8935d4ce-aa9f-4650-a139-67ecd6202991', 'in_progress', '2025-06-24 19:45:00', '2025-06-24 19:45:00'),
('23e20ffd-03c0-4888-a7af-babd32765052', 'cf09c637-8943-400f-ad26-8811cf4f746a', '3ff718ed-26fe-461c-b74d-246ec5fee0bd', '8935d4ce-aa9f-4650-a139-67ecd6202991', 'in_progress', '2025-06-24 19:45:00', '2025-06-24 19:45:00'),
('262a0f75-7f4f-4b54-968b-5a19e207b838', 'cf09c637-8943-400f-ad26-8811cf4f746a', 'b4795e6d-260c-4b92-a6cc-d693a615054f', '8935d4ce-aa9f-4650-a139-67ecd6202991', 'in_progress', '2025-06-24 19:45:00', '2025-06-24 19:45:00'),
('399a3f87-28a2-4ce8-b3cc-0982896677c1', 'cf09c637-8943-400f-ad26-8811cf4f746a', '604c1371-68a3-4658-99a2-6b5a6eb9c965', '8935d4ce-aa9f-4650-a139-67ecd6202991', 'in_progress', '2025-06-24 19:45:00', '2025-06-24 19:45:00'),
('419c2530-0f50-41fe-a24c-03551d0fae31', 'cf09c637-8943-400f-ad26-8811cf4f746a', 'ab958752-d0e8-44d2-b904-fde8cd19f4ab', '8935d4ce-aa9f-4650-a139-67ecd6202991', 'in_progress', '2025-06-24 19:45:00', '2025-06-24 19:45:00'),
('424cea79-0cc2-4d90-a54c-b43bdf7352d2', 'cf09c637-8943-400f-ad26-8811cf4f746a', '2470f0b0-41c1-4256-93a9-984834b267ee', '8935d4ce-aa9f-4650-a139-67ecd6202991', 'in_progress', '2025-06-24 19:45:00', '2025-06-24 19:45:00'),
('49456c4c-dc2a-4f32-91b3-c09974be61f3', 'cf09c637-8943-400f-ad26-8811cf4f746a', '98a188bb-d9cb-4c8a-b028-c818f5685e3a', '8935d4ce-aa9f-4650-a139-67ecd6202991', 'in_progress', '2025-06-24 19:45:00', '2025-06-24 19:45:00'),
('50ba076b-b5bb-4971-978e-b7e63a1c0638', 'cf09c637-8943-400f-ad26-8811cf4f746a', '6f940fe1-892a-4ac1-90d8-fb381bf3c54e', '8935d4ce-aa9f-4650-a139-67ecd6202991', 'in_progress', '2025-06-24 19:45:00', '2025-06-24 19:45:00'),
('5b39996d-7bc7-4629-92a4-93861c06fa91', 'cf09c637-8943-400f-ad26-8811cf4f746a', '8a448a97-d991-4e71-87a9-fe7ac45e1396', '8935d4ce-aa9f-4650-a139-67ecd6202991', 'in_progress', '2025-06-24 19:45:00', '2025-06-24 19:45:00'),
('79b5bb90-7281-4eda-98ba-576d61be37c1', 'cf09c637-8943-400f-ad26-8811cf4f746a', '43e98f15-fe70-465d-8a52-a482e70382ba', '8935d4ce-aa9f-4650-a139-67ecd6202991', 'in_progress', '2025-06-24 19:45:00', '2025-06-24 19:45:00'),
('868b9d01-f989-4820-b8cc-7050071e763e', 'cf09c637-8943-400f-ad26-8811cf4f746a', 'caf75f7f-ff37-4a19-8665-e74657340445', '8935d4ce-aa9f-4650-a139-67ecd6202991', 'in_progress', '2025-06-24 19:45:00', '2025-06-24 19:45:00'),
('8b18b19c-f7b8-476f-980e-3b4a52c9692b', 'cf09c637-8943-400f-ad26-8811cf4f746a', '1fcae6fe-9c7c-4f52-b77b-4ff99df5f988', '8935d4ce-aa9f-4650-a139-67ecd6202991', 'in_progress', '2025-06-24 19:45:00', '2025-06-24 19:45:00'),
('8c5865ad-96e3-4b54-8a5d-2e8f2b02ffea', 'cf09c637-8943-400f-ad26-8811cf4f746a', '71b69319-aa4f-4956-9fe2-5d30a6b1f334', '8935d4ce-aa9f-4650-a139-67ecd6202991', 'in_progress', '2025-06-24 19:45:00', '2025-06-24 19:45:00'),
('a8cda693-29da-467d-a475-417650968d06', 'cf09c637-8943-400f-ad26-8811cf4f746a', 'ca7fb556-e3df-4431-8cf1-4413703eba34', '8935d4ce-aa9f-4650-a139-67ecd6202991', 'in_progress', '2025-06-24 19:45:00', '2025-06-24 19:45:00'),
('b672148c-0d96-4cac-8865-71bb4bac0972', 'cf09c637-8943-400f-ad26-8811cf4f746a', 'ad79a6bd-9b97-4df3-8e9d-c614d3650a56', '8935d4ce-aa9f-4650-a139-67ecd6202991', 'in_progress', '2025-06-24 19:45:00', '2025-06-24 19:45:00'),
('b9f9baf3-0dde-443c-a04e-a0f413390419', 'cf09c637-8943-400f-ad26-8811cf4f746a', 'c2853b28-62d4-4dae-b5fa-95867195a11e', '8935d4ce-aa9f-4650-a139-67ecd6202991', 'in_progress', '2025-06-24 19:45:00', '2025-06-24 19:45:00'),
('bdba6302-24fa-4228-b8f1-2f8ba26fa44f', 'cf09c637-8943-400f-ad26-8811cf4f746a', '47966169-c920-4472-9343-feeca44db0ee', '8935d4ce-aa9f-4650-a139-67ecd6202991', 'in_progress', '2025-06-24 19:45:00', '2025-06-24 19:45:00'),
('c0e0be75-e2f9-4e40-ada3-b4f35f50c4ac', 'cf09c637-8943-400f-ad26-8811cf4f746a', 'd276a600-4eff-4598-8216-aa2844affd8b', '8935d4ce-aa9f-4650-a139-67ecd6202991', 'in_progress', '2025-06-24 19:45:00', '2025-06-24 19:45:00'),
('c61c5762-8129-4359-b1db-5a7e078e5343', 'cf09c637-8943-400f-ad26-8811cf4f746a', 'a794c6cf-b325-4c4e-8ca0-951fc0e72d0f', '8935d4ce-aa9f-4650-a139-67ecd6202991', 'in_progress', '2025-06-24 19:45:00', '2025-06-24 19:45:00'),
('c650043b-40bf-488a-a2fe-5f3b93ff6770', 'cf09c637-8943-400f-ad26-8811cf4f746a', '12a81f77-ec93-4ed7-a350-24a418962119', '8935d4ce-aa9f-4650-a139-67ecd6202991', 'in_progress', '2025-06-24 19:45:00', '2025-06-24 19:45:00'),
('c6b3f528-5c9b-47f6-a24d-bf0e5e109d8c', 'cf09c637-8943-400f-ad26-8811cf4f746a', 'b98cef5d-d510-450c-a48a-da7ab1aec42c', '8935d4ce-aa9f-4650-a139-67ecd6202991', 'in_progress', '2025-06-24 19:45:00', '2025-06-24 19:45:00'),
('ccbbf38f-68a1-4164-aa6f-65cb8fbc7d9f', 'cf09c637-8943-400f-ad26-8811cf4f746a', '8b459692-394e-46bf-af0b-1c15ee53d9e4', '8935d4ce-aa9f-4650-a139-67ecd6202991', 'in_progress', '2025-06-24 19:45:00', '2025-06-24 19:45:00'),
('cd26ed9f-52de-47dd-b415-e23302927580', 'cf09c637-8943-400f-ad26-8811cf4f746a', '8fd72e7a-367a-4522-8f3f-58caaf02518e', '8935d4ce-aa9f-4650-a139-67ecd6202991', 'in_progress', '2025-06-24 19:45:00', '2025-06-24 19:45:00'),
('d7ba8dbe-0815-4561-b5ab-a0055df01161', 'cf09c637-8943-400f-ad26-8811cf4f746a', 'b7e2c938-7dfe-4fba-8758-bbfe58a4d636', '8935d4ce-aa9f-4650-a139-67ecd6202991', 'in_progress', '2025-06-24 19:45:00', '2025-06-24 19:45:00'),
('dc1db647-9b5b-45a7-bfde-fd426be64162', 'cf09c637-8943-400f-ad26-8811cf4f746a', '91d98b93-5a3d-4d38-bbab-9204fa3a9a26', '8935d4ce-aa9f-4650-a139-67ecd6202991', 'in_progress', '2025-06-24 19:45:00', '2025-06-24 19:45:00'),
('dc7d7661-4113-4c43-991f-b9b8413ce96a', 'cf09c637-8943-400f-ad26-8811cf4f746a', '4e4952fa-90d5-4102-b570-4638d51921f6', '8935d4ce-aa9f-4650-a139-67ecd6202991', 'in_progress', '2025-06-24 19:45:00', '2025-06-24 19:45:00'),
('e28c65d1-61a7-42d8-9676-1408f6b81ddb', 'cf09c637-8943-400f-ad26-8811cf4f746a', 'cbdc62ee-bd63-4270-bcad-b2585a10babb', '8935d4ce-aa9f-4650-a139-67ecd6202991', 'in_progress', '2025-06-24 19:45:00', '2025-06-24 19:45:00'),
('ee3388e8-3199-4dfa-a90a-141cec2bd75a', 'cf09c637-8943-400f-ad26-8811cf4f746a', 'b93873c2-53a3-47b2-9a9f-d6febc071e68', '8935d4ce-aa9f-4650-a139-67ecd6202991', 'in_progress', '2025-06-24 19:45:00', '2025-06-24 19:45:00');

-- --------------------------------------------------------

--
-- Table structure for table `quests`
--

CREATE TABLE `quests` (
  `id` char(36) CHARACTER SET utf8mb4 COLLATE utf8mb4_bin NOT NULL,
  `title` varchar(255) NOT NULL,
  `description` text NOT NULL,
  `quest_type` enum('daily','weekly','monthly','battlepass') NOT NULL,
  `objective` varchar(255) NOT NULL,
  `reward_type` enum('game_currency','item') NOT NULL,
  `reward_value` int(11) NOT NULL,
  `reward_item_id` char(36) CHARACTER SET utf8mb4 COLLATE utf8mb4_bin DEFAULT NULL,
  `createdAt` datetime NOT NULL,
  `updatedAt` datetime NOT NULL
) ENGINE=InnoDB DEFAULT CHARSET=utf8mb4;

--
-- Dumping data for table `quests`
--

INSERT INTO `quests` (`id`, `title`, `description`, `quest_type`, `objective`, `reward_type`, `reward_value`, `reward_item_id`, `createdAt`, `updatedAt`) VALUES
('002de26c-4ad6-457d-8061-6079ea3aac30', 'Complete Objectives 129', 'Battlepass quest: Complete objectives', 'battlepass', 'Complete objectives', 'game_currency', 250, NULL, '2025-06-24 18:08:25', '2025-06-24 18:08:25'),
('0078a454-95b0-41f3-a752-18e61b82776b', 'Collect Items 343', 'Battlepass quest: Collect items', 'battlepass', 'Collect items', 'game_currency', 225, NULL, '2025-06-24 18:08:25', '2025-06-24 18:08:25'),
('00c43064-5e16-4642-9d10-8ee2c5752c23', 'Win Matches 212', 'Battlepass quest: Win matches', 'battlepass', 'Win matches', 'game_currency', 300, NULL, '2025-06-24 18:08:25', '2025-06-24 18:08:25'),
('0142b6ba-81eb-4dba-935c-3e4d2f92c6cc', 'Eliminate Enemies 331', 'Battlepass quest: Defeat enemies', 'battlepass', 'Defeat enemies', 'game_currency', 50, NULL, '2025-06-24 18:08:25', '2025-06-24 18:08:25'),
('02130530-c661-4989-ad67-2a178d671dcf', 'Win Matches 52', 'Battlepass quest: Win matches', 'battlepass', 'Win matches', 'game_currency', 300, NULL, '2025-06-24 18:08:25', '2025-06-24 18:08:25'),
('0406b4a2-a8e5-4772-b854-d4220d701bb4', 'Use Abilities 396', 'Battlepass quest: Use abilities', 'battlepass', 'Use abilities', 'game_currency', 260, NULL, '2025-06-24 18:08:25', '2025-06-24 18:08:25'),
('04333d1f-b3e3-4dff-9318-2cb178cc0c36', 'Damage Dealer', 'Deal 20000 total damage this week', 'weekly', 'Deal damage', 'game_currency', 550, NULL, '2025-06-24 18:08:25', '2025-06-24 18:08:25'),
('05cac33c-1352-4084-87fc-633580d3cc5d', 'Deal Damage 194', 'Battlepass quest: Deal damage', 'battlepass', 'Deal damage', 'game_currency', 80, NULL, '2025-06-24 18:08:25', '2025-06-24 18:08:25'),
('060bc2f4-1771-49a4-9b18-090824422b31', 'Deal Damage 384', 'Battlepass quest: Deal damage', 'battlepass', 'Deal damage', 'game_currency', 280, NULL, '2025-06-24 18:08:25', '2025-06-24 18:08:25'),
('0719e679-38ac-4658-83fd-88d8d45f6940', 'Gain Experience 160', 'Battlepass quest: Gain XP', 'battlepass', 'Gain XP', 'game_currency', 185, NULL, '2025-06-24 18:08:25', '2025-06-24 18:08:25'),
('071aa1c2-f8d4-45a2-aacc-e2a204f4c545', 'Gain Experience 190', 'Battlepass quest: Gain XP', 'battlepass', 'Gain XP', 'game_currency', 285, NULL, '2025-06-24 18:08:25', '2025-06-24 18:08:25'),
('0754e738-6517-42f0-8705-6acdd34e41b7', 'Eliminate Enemies 171', 'Battlepass quest: Defeat enemies', 'battlepass', 'Defeat enemies', 'game_currency', 100, NULL, '2025-06-24 18:08:25', '2025-06-24 18:08:25'),
('07a8399b-fd9e-40c0-9a16-b37465994732', 'Score Points 377', 'Battlepass quest: Score points', 'battlepass', 'Score points', 'game_currency', 290, NULL, '2025-06-24 18:08:25', '2025-06-24 18:08:25'),
('0ac2808b-0455-4bb2-b2c8-cc782f2d30a5', 'Survive Time 355', 'Battlepass quest: Survive time', 'battlepass', 'Survive time', 'game_currency', 220, NULL, '2025-06-24 18:08:25', '2025-06-24 18:08:25'),
('0b3957e9-673d-4a59-b489-e1234019b763', 'Collect Items 223', 'Battlepass quest: Collect items', 'battlepass', 'Collect items', 'game_currency', 275, NULL, '2025-06-24 18:08:25', '2025-06-24 18:08:25'),
('0d72db29-dbf9-4084-bd00-1d3dfb7e62b7', 'Play Matches 398', 'Battlepass quest: Play matches', 'battlepass', 'Play matches', 'game_currency', 320, NULL, '2025-06-24 18:08:25', '2025-06-24 18:08:25'),
('0d88b9d3-3dea-4657-a9c2-0ac0f630520e', 'Eliminate Enemies 161', 'Battlepass quest: Defeat enemies', 'battlepass', 'Defeat enemies', 'game_currency', 50, NULL, '2025-06-24 18:08:25', '2025-06-24 18:08:25'),
('0dc95269-e6b9-4977-abf8-eec6000f9a20', 'Complete Objectives 59', 'Battlepass quest: Complete objectives', 'battlepass', 'Complete objectives', 'game_currency', 200, NULL, '2025-06-24 18:08:25', '2025-06-24 18:08:25'),
('0dd9bfc7-343e-4ef5-86b1-b9a70d304011', 'Play Matches 298', 'Battlepass quest: Play matches', 'battlepass', 'Play matches', 'game_currency', 120, NULL, '2025-06-24 18:08:25', '2025-06-24 18:08:25'),
('0ffa8528-0ee9-4e68-8576-e743ff60f420', 'Monthly Master', 'Win 50 matches this month', 'monthly', 'Win matches', 'game_currency', 2000, NULL, '2025-06-24 18:08:25', '2025-06-24 18:08:25'),
('10419afa-b558-4fed-b9f4-923b7bb0bae3', 'Play Matches 388', 'Battlepass quest: Play matches', 'battlepass', 'Play matches', 'game_currency', 120, NULL, '2025-06-24 18:08:25', '2025-06-24 18:08:25'),
('10cf1e35-ee87-405c-be13-8a19835f103b', 'Use Abilities 166', 'Battlepass quest: Use abilities', 'battlepass', 'Use abilities', 'game_currency', 260, NULL, '2025-06-24 18:08:25', '2025-06-24 18:08:25'),
('11f0c23e-b07c-44ad-a422-ef12c2715485', 'Win Matches 292', 'Battlepass quest: Win matches', 'battlepass', 'Win matches', 'game_currency', 100, NULL, '2025-06-24 18:08:25', '2025-06-24 18:08:25'),
('124e2af5-a23e-40db-a4a1-f0cea88f015d', 'Complete Objectives 89', 'Battlepass quest: Complete objectives', 'battlepass', 'Complete objectives', 'game_currency', 250, NULL, '2025-06-24 18:08:25', '2025-06-24 18:08:25'),
('126cbeca-1c60-4ca8-9d3f-a5c61c2d0893', 'Use Abilities 326', 'Battlepass quest: Use abilities', 'battlepass', 'Use abilities', 'game_currency', 60, NULL, '2025-06-24 18:08:25', '2025-06-24 18:08:25'),
('12a81f77-ec93-4ed7-a350-24a418962119', 'Deal Damage 264', 'Battlepass quest: Deal damage', 'battlepass', 'Deal damage', 'game_currency', 230, NULL, '2025-06-24 18:08:25', '2025-06-24 18:08:25'),
('13714ee6-dfec-42ce-9d04-3800cb1604d5', 'Play Matches 58', 'Battlepass quest: Play matches', 'battlepass', 'Play matches', 'game_currency', 170, NULL, '2025-06-24 18:08:25', '2025-06-24 18:08:25'),
('13ff514a-1ba3-4208-b49f-ede4e10146ec', 'Gain Experience 320', 'Battlepass quest: Gain XP', 'battlepass', 'Gain XP', 'game_currency', 285, NULL, '2025-06-24 18:08:25', '2025-06-24 18:08:25'),
('1459b8f4-93c8-4b64-9914-028601036ece', 'Score Points 147', 'Battlepass quest: Score points', 'battlepass', 'Score points', 'game_currency', 290, NULL, '2025-06-24 18:08:25', '2025-06-24 18:08:25'),
('149cdaa2-241a-4345-8373-2edd24b9e98f', 'Enemy Destroyer', 'Defeat 1000 enemies this month', 'monthly', 'Defeat enemies', 'game_currency', 1700, NULL, '2025-06-24 18:08:25', '2025-06-24 18:08:25'),
('16684a2e-41b4-45d0-aad1-527fbb7abd91', 'Win Matches 302', 'Battlepass quest: Win matches', 'battlepass', 'Win matches', 'game_currency', 400, NULL, '2025-06-24 18:08:25', '2025-06-24 18:08:25'),
('16f057eb-bf93-4e4c-832c-08350d2e3320', 'Complete Objectives 109', 'Battlepass quest: Complete objectives', 'battlepass', 'Complete objectives', 'game_currency', 300, NULL, '2025-06-24 18:08:25', '2025-06-24 18:08:25'),
('17fdcc3e-f83e-451a-857e-fdc20e9c2dc0', 'Survive Time 65', 'Battlepass quest: Survive time', 'battlepass', 'Survive time', 'game_currency', 270, NULL, '2025-06-24 18:08:25', '2025-06-24 18:08:25'),
('1806bd93-9436-44d2-9edc-6efb440e01ac', 'Score Points 117', 'Battlepass quest: Score points', 'battlepass', 'Score points', 'game_currency', 140, NULL, '2025-06-24 18:08:25', '2025-06-24 18:08:25'),
('18dd0008-c2c6-4044-940b-7b94b2e06c85', 'Deal Damage 184', 'Battlepass quest: Deal damage', 'battlepass', 'Deal damage', 'game_currency', 230, NULL, '2025-06-24 18:08:25', '2025-06-24 18:08:25'),
('18e9df5f-a976-4545-9f00-60acb9a56e26', 'Score Points 137', 'Battlepass quest: Score points', 'battlepass', 'Score points', 'game_currency', 140, NULL, '2025-06-24 18:08:25', '2025-06-24 18:08:25'),
('190c673b-cb5b-4678-af6f-58054abd534a', 'Use Abilities 126', 'Battlepass quest: Use abilities', 'battlepass', 'Use abilities', 'game_currency', 160, NULL, '2025-06-24 18:08:25', '2025-06-24 18:08:25'),
('1a576a10-fa99-4ef8-9a11-532b9ba55027', 'Gain Experience 310', 'Battlepass quest: Gain XP', 'battlepass', 'Gain XP', 'game_currency', 285, NULL, '2025-06-24 18:08:25', '2025-06-24 18:08:25'),
('1beedbfe-12e6-48e6-b348-70b2821c3d08', 'Play Matches 28', 'Battlepass quest: Play matches', 'battlepass', 'Play matches', 'game_currency', 270, NULL, '2025-06-24 18:08:25', '2025-06-24 18:08:25'),
('1d6b334d-54e3-4799-95ab-402c8f9d62e7', 'Complete Objectives 49', 'Battlepass quest: Complete objectives', 'battlepass', 'Complete objectives', 'game_currency', 100, NULL, '2025-06-24 18:08:25', '2025-06-24 18:08:25'),
('1f8de03b-3c94-48af-8db1-1ce0882ddac7', 'Eliminate Enemies 371', 'Battlepass quest: Defeat enemies', 'battlepass', 'Defeat enemies', 'game_currency', 200, NULL, '2025-06-24 18:08:25', '2025-06-24 18:08:25'),
('1fcae6fe-9c7c-4f52-b77b-4ff99df5f988', 'Deal Damage 34', 'Battlepass quest: Deal damage', 'battlepass', 'Deal damage', 'game_currency', 230, NULL, '2025-06-24 18:08:25', '2025-06-24 18:08:25'),
('1ff395ae-9b90-476c-9869-b18db02f154b', 'Win Matches 272', 'Battlepass quest: Win matches', 'battlepass', 'Win matches', 'game_currency', 100, NULL, '2025-06-24 18:08:25', '2025-06-24 18:08:25'),
('203339ad-690a-4887-9f45-4175482b81d1', 'Score Points 57', 'Battlepass quest: Score points', 'battlepass', 'Score points', 'game_currency', 140, NULL, '2025-06-24 18:08:25', '2025-06-24 18:08:25'),
('20b4dbe3-2dcc-4425-8ff5-80256f1c41ef', 'Complete Objectives 359', 'Battlepass quest: Complete objectives', 'battlepass', 'Complete objectives', 'game_currency', 150, NULL, '2025-06-24 18:08:25', '2025-06-24 18:08:25'),
('21748d09-5f45-4c3f-99f2-b4ea90fb86a6', 'Score Points 177', 'Battlepass quest: Score points', 'battlepass', 'Score points', 'game_currency', 140, NULL, '2025-06-24 18:08:25', '2025-06-24 18:08:25'),
('21cc78f5-88b5-47e5-8881-925e41dac9ce', 'Win 1 Match', 'Win at least 1 match today', 'daily', 'Win matches', 'game_currency', 150, NULL, '2025-06-24 18:08:25', '2025-06-24 18:08:25'),
('2294e1aa-b609-4631-b1f3-cd0501d4e36b', 'Win Matches 82', 'Battlepass quest: Win matches', 'battlepass', 'Win matches', 'game_currency', 100, NULL, '2025-06-24 18:08:25', '2025-06-24 18:08:25'),
('22af5cce-83ab-45a7-ad01-2dc77d06fce3', 'Collect Items 43', 'Battlepass quest: Collect items', 'battlepass', 'Collect items', 'game_currency', 275, NULL, '2025-06-24 18:08:25', '2025-06-24 18:08:25'),
('243695ed-eae9-49d9-9000-59f8ef8b5678', 'Survive Time 325', 'Battlepass quest: Survive time', 'battlepass', 'Survive time', 'game_currency', 120, NULL, '2025-06-24 18:08:25', '2025-06-24 18:08:25'),
('2470f0b0-41c1-4256-93a9-984834b267ee', 'Survive Time 75', 'Battlepass quest: Survive time', 'battlepass', 'Survive time', 'game_currency', 120, NULL, '2025-06-24 18:08:25', '2025-06-24 18:08:25'),
('24d817be-78b9-4072-9702-2fff4db4ba8c', 'Eliminate Enemies 381', 'Battlepass quest: Defeat enemies', 'battlepass', 'Defeat enemies', 'game_currency', 250, NULL, '2025-06-24 18:08:25', '2025-06-24 18:08:25'),
('24f8c34d-3616-42e1-8e57-c2fa3bcc3eca', 'Eliminate Enemies 341', 'Battlepass quest: Defeat enemies', 'battlepass', 'Defeat enemies', 'game_currency', 250, NULL, '2025-06-24 18:08:25', '2025-06-24 18:08:25'),
('2587c8ea-9b70-4566-b816-d37183bd4d9a', 'Use Abilities 186', 'Battlepass quest: Use abilities', 'battlepass', 'Use abilities', 'game_currency', 110, NULL, '2025-06-24 18:08:25', '2025-06-24 18:08:25'),
('25951ff9-9e94-487d-a633-39ec428f7a0e', 'Ability God', 'Use abilities 500 times this month', 'monthly', 'Use abilities', 'game_currency', 1400, NULL, '2025-06-24 18:08:25', '2025-06-24 18:08:25'),
('25e4175d-2b00-4471-9d9b-bf20adb617f1', 'Play Matches 228', 'Battlepass quest: Play matches', 'battlepass', 'Play matches', 'game_currency', 320, NULL, '2025-06-24 18:08:25', '2025-06-24 18:08:25'),
('25e48c42-8c06-481d-a18e-113b34f5fada', 'Win Matches 92', 'Battlepass quest: Win matches', 'battlepass', 'Win matches', 'game_currency', 400, NULL, '2025-06-24 18:08:25', '2025-06-24 18:08:25'),
('262bf321-b436-429f-bb01-3ee21e1d7459', 'Complete Objectives 249', 'Battlepass quest: Complete objectives', 'battlepass', 'Complete objectives', 'game_currency', 150, NULL, '2025-06-24 18:08:25', '2025-06-24 18:08:25'),
('267470a0-b087-4cea-8e89-6278e69d2ff2', 'Gain Experience 140', 'Battlepass quest: Gain XP', 'battlepass', 'Gain XP', 'game_currency', 235, NULL, '2025-06-24 18:08:25', '2025-06-24 18:08:25'),
('26b93c50-9285-4043-80c9-9b0a46b2b62e', 'Gain Experience 240', 'Battlepass quest: Gain XP', 'battlepass', 'Gain XP', 'game_currency', 185, NULL, '2025-06-24 18:08:25', '2025-06-24 18:08:25'),
('26d2f99b-588f-41c5-90ee-f091507722d2', 'Play Matches 78', 'Battlepass quest: Play matches', 'battlepass', 'Play matches', 'game_currency', 220, NULL, '2025-06-24 18:08:25', '2025-06-24 18:08:25'),
('2753b9a2-749c-400d-9178-3d3aa3663784', 'Eliminate Enemies 91', 'Battlepass quest: Defeat enemies', 'battlepass', 'Defeat enemies', 'game_currency', 200, NULL, '2025-06-24 18:08:25', '2025-06-24 18:08:25'),
('2792b2c7-26a1-4359-9eee-1c7340c13962', 'Play Matches 98', 'Battlepass quest: Play matches', 'battlepass', 'Play matches', 'game_currency', 220, NULL, '2025-06-24 18:08:25', '2025-06-24 18:08:25'),
('2919d3b7-a836-4270-a37f-5c495afcdccd', 'Complete Objectives 189', 'Battlepass quest: Complete objectives', 'battlepass', 'Complete objectives', 'game_currency', 250, NULL, '2025-06-24 18:08:25', '2025-06-24 18:08:25'),
('29411c6c-8301-4a24-913d-fbab2c9d3c2d', 'Eliminate Enemies 51', 'Battlepass quest: Defeat enemies', 'battlepass', 'Defeat enemies', 'game_currency', 200, NULL, '2025-06-24 18:08:25', '2025-06-24 18:08:25'),
('29764483-120f-482b-a826-3a9a9d1cb4a8', 'Play Matches 208', 'Battlepass quest: Play matches', 'battlepass', 'Play matches', 'game_currency', 170, NULL, '2025-06-24 18:08:25', '2025-06-24 18:08:25'),
('29d510fd-bc2e-49f8-ae1f-97b5d038bdc1', 'Use Abilities 246', 'Battlepass quest: Use abilities', 'battlepass', 'Use abilities', 'game_currency', 210, NULL, '2025-06-24 18:08:25', '2025-06-24 18:08:25'),
('2a2856e4-1d75-43c4-95cb-9dc49727ba25', 'Experience Legend', 'Gain 50000 XP this month', 'monthly', 'Gain XP', 'game_currency', 1800, NULL, '2025-06-24 18:08:25', '2025-06-24 18:08:25'),
('2a5d114c-e986-42aa-8127-6e61a2ff214d', 'Collect Items 383', 'Battlepass quest: Collect items', 'battlepass', 'Collect items', 'game_currency', 175, NULL, '2025-06-24 18:08:25', '2025-06-24 18:08:25'),
('2a79ad95-8fe8-444f-a261-b8b88e2dcebb', 'Daily Login', 'Login to the game daily', 'daily', 'Login once', 'game_currency', 50, NULL, '2025-06-24 18:08:25', '2025-06-24 18:08:25'),
('2b51c54c-ef29-453f-930d-c8331dfc04cd', 'Collect Items 33', 'Battlepass quest: Collect items', 'battlepass', 'Collect items', 'game_currency', 225, NULL, '2025-06-24 18:08:25', '2025-06-24 18:08:25'),
('2c37f721-385c-4e8d-9723-750fb66999d9', 'Score Achiever', 'Score 25000 points total this week', 'weekly', 'Score points', 'game_currency', 500, NULL, '2025-06-24 18:08:25', '2025-06-24 18:08:25'),
('2cc02776-d45c-461b-9979-3519d87d23c9', 'Use Abilities 366', 'Battlepass quest: Use abilities', 'battlepass', 'Use abilities', 'game_currency', 110, NULL, '2025-06-24 18:08:25', '2025-06-24 18:08:25'),
('2e38937a-bc29-49c9-8441-0b8d628c4bde', 'Score Points 397', 'Battlepass quest: Score points', 'battlepass', 'Score points', 'game_currency', 290, NULL, '2025-06-24 18:08:25', '2025-06-24 18:08:25'),
('2e5d536d-6092-43d6-ac97-47f53af050ee', 'Play Matches 258', 'Battlepass quest: Play matches', 'battlepass', 'Play matches', 'game_currency', 320, NULL, '2025-06-24 18:08:25', '2025-06-24 18:08:25'),
('2e8830fc-40fb-4585-ae75-b844d059db16', 'Deal Damage 214', 'Battlepass quest: Deal damage', 'battlepass', 'Deal damage', 'game_currency', 130, NULL, '2025-06-24 18:08:25', '2025-06-24 18:08:25'),
('2ef9e9f8-e581-49d0-acd4-706399e7040d', 'Play Matches 318', 'Battlepass quest: Play matches', 'battlepass', 'Play matches', 'game_currency', 320, NULL, '2025-06-24 18:08:25', '2025-06-24 18:08:25'),
('31779375-43d3-45b8-9198-ff05fdb0ddcb', 'Gain Experience 230', 'Battlepass quest: Gain XP', 'battlepass', 'Gain XP', 'game_currency', 285, NULL, '2025-06-24 18:08:25', '2025-06-24 18:08:25'),
('317acbf8-b5dc-41eb-ab52-0d3998de3cac', 'Deal Damage 284', 'Battlepass quest: Deal damage', 'battlepass', 'Deal damage', 'game_currency', 230, NULL, '2025-06-24 18:08:25', '2025-06-24 18:08:25'),
('324cc91b-112e-41b9-9f72-1d55677dd17a', 'Collect Items 123', 'Battlepass quest: Collect items', 'battlepass', 'Collect items', 'game_currency', 75, NULL, '2025-06-24 18:08:25', '2025-06-24 18:08:25'),
('32b129a9-1db6-49ba-8295-cf1a989e753b', 'Complete Objectives 19', 'Battlepass quest: Complete objectives', 'battlepass', 'Complete objectives', 'game_currency', 150, NULL, '2025-06-24 18:08:25', '2025-06-24 18:08:25'),
('32fd17f6-f480-4a0b-8ad6-5c8ac8d78d40', 'Use Abilities 356', 'Battlepass quest: Use abilities', 'battlepass', 'Use abilities', 'game_currency', 160, NULL, '2025-06-24 18:08:25', '2025-06-24 18:08:25'),
('336e1b53-dbf2-4625-a2e7-203bfd1ab14d', 'Gain Experience 400', 'Battlepass quest: Gain XP', 'battlepass', 'Gain XP', 'game_currency', 135, NULL, '2025-06-24 18:08:25', '2025-06-24 18:08:25'),
('33e3c4b8-0a54-40ac-a66f-6b076dc093f1', 'Eliminate Enemies 21', 'Battlepass quest: Defeat enemies', 'battlepass', 'Defeat enemies', 'game_currency', 100, NULL, '2025-06-24 18:08:25', '2025-06-24 18:08:25'),
('33f475fa-2dcc-4728-94c4-04a0a14cb6bc', 'Use 3 Abilities', 'Use any ability 3 times', 'daily', 'Use abilities', 'game_currency', 80, NULL, '2025-06-24 18:08:25', '2025-06-24 18:08:25'),
('34199470-82e5-4dcf-a536-6eba58171472', 'Win Matches 72', 'Battlepass quest: Win matches', 'battlepass', 'Win matches', 'game_currency', 100, NULL, '2025-06-24 18:08:25', '2025-06-24 18:08:25'),
('348f3bc0-6a9d-4381-8c4c-19b0287c1e9c', 'Eliminate Enemies 41', 'Battlepass quest: Defeat enemies', 'battlepass', 'Defeat enemies', 'game_currency', 50, NULL, '2025-06-24 18:08:25', '2025-06-24 18:08:25'),
('354cb121-d69c-48b5-82e4-a53731598959', 'Score Points 287', 'Battlepass quest: Score points', 'battlepass', 'Score points', 'game_currency', 290, NULL, '2025-06-24 18:08:25', '2025-06-24 18:08:25'),
('35fef35a-572d-4cb2-b827-eb98900b2403', 'Survive Time 255', 'Battlepass quest: Survive time', 'battlepass', 'Survive time', 'game_currency', 120, NULL, '2025-06-24 18:08:25', '2025-06-24 18:08:25'),
('3615de87-087b-4ea6-aee7-0e3fa0f3633b', 'Play Matches 148', 'Battlepass quest: Play matches', 'battlepass', 'Play matches', 'game_currency', 220, NULL, '2025-06-24 18:08:25', '2025-06-24 18:08:25'),
('361b841c-5580-45b7-9ce7-27fc1b8ac2f4', 'Use Abilities 316', 'Battlepass quest: Use abilities', 'battlepass', 'Use abilities', 'game_currency', 60, NULL, '2025-06-24 18:08:25', '2025-06-24 18:08:25'),
('3634ba5a-f4fe-4182-aba8-e5fe206bbdb1', 'Gain Experience 150', 'Battlepass quest: Gain XP', 'battlepass', 'Gain XP', 'game_currency', 85, NULL, '2025-06-24 18:08:25', '2025-06-24 18:08:25'),
('377dd963-cd0d-42ef-bbe0-f902ac2be3ac', 'Gain Experience 120', 'Battlepass quest: Gain XP', 'battlepass', 'Gain XP', 'game_currency', 235, NULL, '2025-06-24 18:08:25', '2025-06-24 18:08:25'),
('37daea82-67d3-4fa7-8baf-ede22e62a83d', 'Weekly Champion', 'Win 10 matches this week', 'weekly', 'Win matches', 'game_currency', 500, NULL, '2025-06-24 18:08:25', '2025-06-24 18:08:25'),
('387db23e-d8e5-4b90-88df-a4540430eafc', 'Complete Objectives 169', 'Battlepass quest: Complete objectives', 'battlepass', 'Complete objectives', 'game_currency', 300, NULL, '2025-06-24 18:08:25', '2025-06-24 18:08:25'),
('38c8f083-3d3d-412c-a3ee-c59cd0265d0e', 'Gain Experience 200', 'Battlepass quest: Gain XP', 'battlepass', 'Gain XP', 'game_currency', 135, NULL, '2025-06-24 18:08:25', '2025-06-24 18:08:25'),
('39418627-5389-4d15-8737-c193a0d26a29', 'Collect Items 13', 'Battlepass quest: Collect items', 'battlepass', 'Collect items', 'game_currency', 175, NULL, '2025-06-24 18:08:25', '2025-06-24 18:08:25'),
('39dca315-5d18-400a-8999-fb8b561988b4', 'Play Matches 338', 'Battlepass quest: Play matches', 'battlepass', 'Play matches', 'game_currency', 220, NULL, '2025-06-24 18:08:25', '2025-06-24 18:08:25'),
('3c27a5fa-2e60-4240-be78-adddafa212e0', 'Play Matches 88', 'Battlepass quest: Play matches', 'battlepass', 'Play matches', 'game_currency', 270, NULL, '2025-06-24 18:08:25', '2025-06-24 18:08:25'),
('3c58dcca-eb71-4a19-9cf6-07dd1b89133b', 'Complete Objectives 399', 'Battlepass quest: Complete objectives', 'battlepass', 'Complete objectives', 'game_currency', 150, NULL, '2025-06-24 18:08:25', '2025-06-24 18:08:25'),
('3cbb9f84-51c6-48bb-8657-e6d0e54d7d3d', 'Item Collector', 'Collect 50 items this week', 'weekly', 'Collect items', 'game_currency', 350, NULL, '2025-06-24 18:08:25', '2025-06-24 18:08:25'),
('3e456aa6-fa73-412f-b6d2-06a6f4aa6eaf', 'Win Matches 222', 'Battlepass quest: Win matches', 'battlepass', 'Win matches', 'game_currency', 300, NULL, '2025-06-24 18:08:25', '2025-06-24 18:08:25'),
('3f3d7471-cc21-498c-88c2-976688f25ffe', 'Gain Experience 290', 'Battlepass quest: Gain XP', 'battlepass', 'Gain XP', 'game_currency', 185, NULL, '2025-06-24 18:08:25', '2025-06-24 18:08:25'),
('3f69b84d-bd78-4986-a1ef-5209e6240d83', 'Survive Time 225', 'Battlepass quest: Survive time', 'battlepass', 'Survive time', 'game_currency', 70, NULL, '2025-06-24 18:08:25', '2025-06-24 18:08:25'),
('3ff718ed-26fe-461c-b74d-246ec5fee0bd', 'Score Points 187', 'Battlepass quest: Score points', 'battlepass', 'Score points', 'game_currency', 140, NULL, '2025-06-24 18:08:25', '2025-06-24 18:08:25'),
('401d0253-53c1-424d-8123-1b81161e513b', 'Score Points 277', 'Battlepass quest: Score points', 'battlepass', 'Score points', 'game_currency', 140, NULL, '2025-06-24 18:08:25', '2025-06-24 18:08:25'),
('404d67ec-8186-4b27-babd-3acd5034c64a', 'Play Matches 288', 'Battlepass quest: Play matches', 'battlepass', 'Play matches', 'game_currency', 270, NULL, '2025-06-24 18:08:25', '2025-06-24 18:08:25'),
('408c3e90-d36d-42ee-8090-081d810e73b0', 'Score 1000 Points', 'Achieve 1000 points in a single match', 'daily', 'Score points', 'game_currency', 120, NULL, '2025-06-24 18:08:25', '2025-06-24 18:08:25'),
('41568c01-24b5-4028-b217-6d16d93bc46c', 'Score Points 317', 'Battlepass quest: Score points', 'battlepass', 'Score points', 'game_currency', 140, NULL, '2025-06-24 18:08:25', '2025-06-24 18:08:25'),
('434e37a1-6267-4b59-98b7-9d4811f02a59', 'Complete Objectives 349', 'Battlepass quest: Complete objectives', 'battlepass', 'Complete objectives', 'game_currency', 150, NULL, '2025-06-24 18:08:25', '2025-06-24 18:08:25'),
('4352223d-d8fa-4dec-a640-39e1d438d618', 'Use Abilities 256', 'Battlepass quest: Use abilities', 'battlepass', 'Use abilities', 'game_currency', 260, NULL, '2025-06-24 18:08:25', '2025-06-24 18:08:25'),
('43961fe9-e6ce-4a74-ad86-f287c9ab0740', 'Collect Items 393', 'Battlepass quest: Collect items', 'battlepass', 'Collect items', 'game_currency', 125, NULL, '2025-06-24 18:08:25', '2025-06-24 18:08:25'),
('43e98f15-fe70-465d-8a52-a482e70382ba', 'Score Points 197', 'Battlepass quest: Score points', 'battlepass', 'Score points', 'game_currency', 140, NULL, '2025-06-24 18:08:25', '2025-06-24 18:08:25'),
('45192fbb-797c-46dc-9d97-fd5fa7795e51', 'Complete Objectives 79', 'Battlepass quest: Complete objectives', 'battlepass', 'Complete objectives', 'game_currency', 100, NULL, '2025-06-24 18:08:25', '2025-06-24 18:08:25'),
('4564c88b-35d6-4511-adb3-57221a8bca01', 'Score Points 227', 'Battlepass quest: Score points', 'battlepass', 'Score points', 'game_currency', 190, NULL, '2025-06-24 18:08:25', '2025-06-24 18:08:25'),
('464ef5fd-7fd8-4d6e-a7fe-f61a53708c9c', 'Use Abilities 146', 'Battlepass quest: Use abilities', 'battlepass', 'Use abilities', 'game_currency', 260, NULL, '2025-06-24 18:08:25', '2025-06-24 18:08:25'),
('46865e52-0e81-4005-b5db-fc7cc872f995', 'Win Matches 362', 'Battlepass quest: Win matches', 'battlepass', 'Win matches', 'game_currency', 300, NULL, '2025-06-24 18:08:25', '2025-06-24 18:08:25'),
('47966169-c920-4472-9343-feeca44db0ee', 'Gain Experience 270', 'Battlepass quest: Gain XP', 'battlepass', 'Gain XP', 'game_currency', 285, NULL, '2025-06-24 18:08:25', '2025-06-24 18:08:25'),
('485fb2b3-23ac-4a33-8e28-9a01c142b254', 'Play Matches 168', 'Battlepass quest: Play matches', 'battlepass', 'Play matches', 'game_currency', 320, NULL, '2025-06-24 18:08:25', '2025-06-24 18:08:25'),
('48c6bad4-4e6d-431c-9dea-0861c3a9d286', 'Gain Experience 30', 'Battlepass quest: Gain XP', 'battlepass', 'Gain XP', 'game_currency', 135, NULL, '2025-06-24 18:08:25', '2025-06-24 18:08:25'),
('49aec54b-5066-4639-b939-f02c97ad925c', 'Survive Time 25', 'Battlepass quest: Survive time', 'battlepass', 'Survive time', 'game_currency', 70, NULL, '2025-06-24 18:08:25', '2025-06-24 18:08:25'),
('49c7766a-9393-4cf4-85fd-cfd5902f62a9', 'Complete Tutorial', 'Complete the daily tutorial challenge', 'daily', 'Complete tutorial', 'game_currency', 90, NULL, '2025-06-24 18:08:25', '2025-06-24 18:08:25'),
('4a59fb52-131e-4339-89c1-f22673c85976', 'Eliminate Enemies 211', 'Battlepass quest: Defeat enemies', 'battlepass', 'Defeat enemies', 'game_currency', 50, NULL, '2025-06-24 18:08:25', '2025-06-24 18:08:25'),
('4acb6c0b-e395-4dca-a312-2037b9646206', 'Defeat 10 Enemies', 'Eliminate 10 enemies in any game mode', 'daily', 'Defeat enemies', 'game_currency', 75, NULL, '2025-06-24 18:08:25', '2025-06-24 18:08:25'),
('4bc9e8e0-e800-4c6e-8787-024551b48f1d', 'Use Abilities 386', 'Battlepass quest: Use abilities', 'battlepass', 'Use abilities', 'game_currency', 160, NULL, '2025-06-24 18:08:25', '2025-06-24 18:08:25'),
('4c27015c-54da-42f7-b26b-7e07091640b4', 'Win Matches 202', 'Battlepass quest: Win matches', 'battlepass', 'Win matches', 'game_currency', 400, NULL, '2025-06-24 18:08:25', '2025-06-24 18:08:25'),
('4caaf6f2-e05d-4fc7-bf3c-4556f64f7cac', 'Win Matches 392', 'Battlepass quest: Win matches', 'battlepass', 'Win matches', 'game_currency', 500, NULL, '2025-06-24 18:08:25', '2025-06-24 18:08:25'),
('4cd69662-45b3-4b77-ba62-647d666e2352', 'Collect Items 323', 'Battlepass quest: Collect items', 'battlepass', 'Collect items', 'game_currency', 175, NULL, '2025-06-24 18:08:25', '2025-06-24 18:08:25'),
('4dbdc633-6982-4cb4-a297-4991c027c5f6', 'Score Points 87', 'Battlepass quest: Score points', 'battlepass', 'Score points', 'game_currency', 140, NULL, '2025-06-24 18:08:25', '2025-06-24 18:08:25'),
('4e4952fa-90d5-4102-b570-4638d51921f6', 'Gain Experience 260', 'Battlepass quest: Gain XP', 'battlepass', 'Gain XP', 'game_currency', 285, NULL, '2025-06-24 18:08:25', '2025-06-24 18:08:25'),
('4fc4d36e-aa12-4b8b-99b1-ae9f38d01182', 'Win Matches 372', 'Battlepass quest: Win matches', 'battlepass', 'Win matches', 'game_currency', 500, NULL, '2025-06-24 18:08:25', '2025-06-24 18:08:25'),
('505e7e3b-0d67-4e2f-9ff0-f500c0629315', 'Use Abilities 266', 'Battlepass quest: Use abilities', 'battlepass', 'Use abilities', 'game_currency', 160, NULL, '2025-06-24 18:08:25', '2025-06-24 18:08:25'),
('521cdb50-477f-4cf6-b674-cedaec09601b', 'Gain Experience 350', 'Battlepass quest: Gain XP', 'battlepass', 'Gain XP', 'game_currency', 285, NULL, '2025-06-24 18:08:25', '2025-06-24 18:08:25'),
('54310fb3-bf8c-434d-82ad-a39b34e78b62', 'Collect Items 353', 'Battlepass quest: Collect items', 'battlepass', 'Collect items', 'game_currency', 175, NULL, '2025-06-24 18:08:25', '2025-06-24 18:08:25'),
('56cb4161-e622-4d99-9a84-3dcf8760eee6', 'Complete Objectives 29', 'Battlepass quest: Complete objectives', 'battlepass', 'Complete objectives', 'game_currency', 300, NULL, '2025-06-24 18:08:25', '2025-06-24 18:08:25'),
('574d0d2e-597a-44ba-9bce-19d149cfacd5', 'Play Matches 138', 'Battlepass quest: Play matches', 'battlepass', 'Play matches', 'game_currency', 320, NULL, '2025-06-24 18:08:25', '2025-06-24 18:08:25'),
('5798789e-23e0-43e2-8466-c88ca9c1d9c5', 'Collect Items 253', 'Battlepass quest: Collect items', 'battlepass', 'Collect items', 'game_currency', 125, NULL, '2025-06-24 18:08:25', '2025-06-24 18:08:25'),
('57eacd43-73c2-469f-a8ee-12dbe1ceedd8', 'Score Points 237', 'Battlepass quest: Score points', 'battlepass', 'Score points', 'game_currency', 90, NULL, '2025-06-24 18:08:25', '2025-06-24 18:08:25'),
('58b05d48-d0b5-4dd6-9692-481ac50e0f1e', 'Score Points 47', 'Battlepass quest: Score points', 'battlepass', 'Score points', 'game_currency', 140, NULL, '2025-06-24 18:08:25', '2025-06-24 18:08:25'),
('58b88c9a-c952-4cd3-9b57-038895551d7b', 'Survive Time 335', 'Battlepass quest: Survive time', 'battlepass', 'Survive time', 'game_currency', 270, NULL, '2025-06-24 18:08:25', '2025-06-24 18:08:25'),
('59519847-90d3-4911-9c8a-8286603a4b69', 'Gain Experience 40', 'Battlepass quest: Gain XP', 'battlepass', 'Gain XP', 'game_currency', 285, NULL, '2025-06-24 18:08:25', '2025-06-24 18:08:25'),
('5a733e85-4f3a-4a94-be7c-6d879af687c8', 'Eliminate Enemies 31', 'Battlepass quest: Defeat enemies', 'battlepass', 'Defeat enemies', 'game_currency', 50, NULL, '2025-06-24 18:08:25', '2025-06-24 18:08:25'),
('5aea953d-f588-46b2-a260-e87b65a19532', 'Collect Items 103', 'Battlepass quest: Collect items', 'battlepass', 'Collect items', 'game_currency', 225, NULL, '2025-06-24 18:08:25', '2025-06-24 18:08:25'),
('5b8073b5-b1c7-491a-bd4e-14ed51ab1541', 'Complete Objectives 179', 'Battlepass quest: Complete objectives', 'battlepass', 'Complete objectives', 'game_currency', 100, NULL, '2025-06-24 18:08:25', '2025-06-24 18:08:25'),
('5bb8ca5e-f53e-4c5e-9fd0-cdb7ed528367', 'Eliminate Enemies 131', 'Battlepass quest: Defeat enemies', 'battlepass', 'Defeat enemies', 'game_currency', 200, NULL, '2025-06-24 18:08:25', '2025-06-24 18:08:25'),
('5d4b4b94-262d-418c-8f90-4b5e65cdcaca', 'Collect Items 163', 'Battlepass quest: Collect items', 'battlepass', 'Collect items', 'game_currency', 125, NULL, '2025-06-24 18:08:25', '2025-06-24 18:08:25'),
('5ea5aaee-9529-4a80-8d2e-68f44837503e', 'Gain Experience 340', 'Battlepass quest: Gain XP', 'battlepass', 'Gain XP', 'game_currency', 285, NULL, '2025-06-24 18:08:25', '2025-06-24 18:08:25'),
('5eb236ca-3a4f-48ef-aadc-6b7267c41cb8', 'Collect Items 273', 'Battlepass quest: Collect items', 'battlepass', 'Collect items', 'game_currency', 175, NULL, '2025-06-24 18:08:25', '2025-06-24 18:08:25'),
('5eecda18-b358-41ec-aaf9-c7c385fb0205', 'Use Abilities 116', 'Battlepass quest: Use abilities', 'battlepass', 'Use abilities', 'game_currency', 60, NULL, '2025-06-24 18:08:25', '2025-06-24 18:08:25'),
('5f817902-3f5b-41b9-b285-54a4455c7e69', 'Deal Damage 144', 'Battlepass quest: Deal damage', 'battlepass', 'Deal damage', 'game_currency', 180, NULL, '2025-06-24 18:08:25', '2025-06-24 18:08:25'),
('5fdeb032-84c2-4649-b729-223a88b400f3', 'Score Points 257', 'Battlepass quest: Score points', 'battlepass', 'Score points', 'game_currency', 90, NULL, '2025-06-24 18:08:25', '2025-06-24 18:08:25'),
('5ff82ac1-1ca5-4560-b516-fbc8edfffd61', 'Use Abilities 66', 'Battlepass quest: Use abilities', 'battlepass', 'Use abilities', 'game_currency', 60, NULL, '2025-06-24 18:08:25', '2025-06-24 18:08:25'),
('604c1371-68a3-4658-99a2-6b5a6eb9c965', 'Complete Objectives 369', 'Battlepass quest: Complete objectives', 'battlepass', 'Complete objectives', 'game_currency', 250, NULL, '2025-06-24 18:08:25', '2025-06-24 18:08:25'),
('6054bcdf-0108-46cc-bcd7-5a198db0b9b8', 'Win Matches 2', 'Battlepass quest: Win matches', 'battlepass', 'Win matches', 'game_currency', 100, NULL, '2025-06-24 18:08:25', '2025-06-24 18:08:25'),
('61d3e0f2-0664-4f84-8d22-eec037655be5', 'Use Abilities 176', 'Battlepass quest: Use abilities', 'battlepass', 'Use abilities', 'game_currency', 210, NULL, '2025-06-24 18:08:25', '2025-06-24 18:08:25'),
('62844b2e-3b2d-4050-a9bd-e313615b3c31', 'Complete Objectives 159', 'Battlepass quest: Complete objectives', 'battlepass', 'Complete objectives', 'game_currency', 150, NULL, '2025-06-24 18:08:25', '2025-06-24 18:08:25'),
('6448f02a-c04c-4cd6-9800-e94595ada0b4', 'Win Matches 342', 'Battlepass quest: Win matches', 'battlepass', 'Win matches', 'game_currency', 500, NULL, '2025-06-24 18:08:25', '2025-06-24 18:08:25'),
('64690152-c239-4898-bd15-474b16e51647', 'Score Points 267', 'Battlepass quest: Score points', 'battlepass', 'Score points', 'game_currency', 190, NULL, '2025-06-24 18:08:25', '2025-06-24 18:08:25'),
('646c69c9-5d25-4ef9-bcb4-16f818e3503b', 'Collect Items 173', 'Battlepass quest: Collect items', 'battlepass', 'Collect items', 'game_currency', 75, NULL, '2025-06-24 18:08:25', '2025-06-24 18:08:25'),
('646deef6-36b1-416d-a5d1-5492aa088fd5', 'Survive Time 215', 'Battlepass quest: Survive time', 'battlepass', 'Survive time', 'game_currency', 120, NULL, '2025-06-24 18:08:25', '2025-06-24 18:08:25'),
('64e07915-be66-425f-bf21-116a81696d2a', 'Score Points 337', 'Battlepass quest: Score points', 'battlepass', 'Score points', 'game_currency', 90, NULL, '2025-06-24 18:08:25', '2025-06-24 18:08:25'),
('64fcbc74-3288-4ad9-83af-71eb8f08626c', 'Win Matches 62', 'Battlepass quest: Win matches', 'battlepass', 'Win matches', 'game_currency', 400, NULL, '2025-06-24 18:08:25', '2025-06-24 18:08:25'),
('660ee1e5-ea46-4009-ac16-2a31363c1eab', 'Play Matches 178', 'Battlepass quest: Play matches', 'battlepass', 'Play matches', 'game_currency', 270, NULL, '2025-06-24 18:08:25', '2025-06-24 18:08:25'),
('663bc383-64e3-4612-81be-38699f87302e', 'Deal Damage 344', 'Battlepass quest: Deal damage', 'battlepass', 'Deal damage', 'game_currency', 280, NULL, '2025-06-24 18:08:25', '2025-06-24 18:08:25'),
('667a5dd1-d908-4b7d-b523-d482a7648e6a', 'Win Matches 32', 'Battlepass quest: Win matches', 'battlepass', 'Win matches', 'game_currency', 400, NULL, '2025-06-24 18:08:25', '2025-06-24 18:08:25'),
('66dcdfd5-d2e0-4473-b942-efa330194d3c', 'Score Points 17', 'Battlepass quest: Score points', 'battlepass', 'Score points', 'game_currency', 190, NULL, '2025-06-24 18:08:25', '2025-06-24 18:08:25'),
('670dcb91-dfa1-4d9b-8704-f990a1339afa', 'Use Abilities 76', 'Battlepass quest: Use abilities', 'battlepass', 'Use abilities', 'game_currency', 210, NULL, '2025-06-24 18:08:25', '2025-06-24 18:08:25'),
('672d4334-5c38-4128-a6fd-e80185885160', 'Win Matches 352', 'Battlepass quest: Win matches', 'battlepass', 'Win matches', 'game_currency', 300, NULL, '2025-06-24 18:08:25', '2025-06-24 18:08:25'),
('67df31ce-d09b-4436-81cc-f364a14a1ec0', 'Eliminate Enemies 221', 'Battlepass quest: Defeat enemies', 'battlepass', 'Defeat enemies', 'game_currency', 50, NULL, '2025-06-24 18:08:25', '2025-06-24 18:08:25'),
('6815c89d-026c-4dcc-b369-9839a8c1378e', 'Survive Time 275', 'Battlepass quest: Survive time', 'battlepass', 'Survive time', 'game_currency', 170, NULL, '2025-06-24 18:08:25', '2025-06-24 18:08:25'),
('6856bbc2-92ee-4741-9fcc-e6e7f33555f6', 'Win Matches 232', 'Battlepass quest: Win matches', 'battlepass', 'Win matches', 'game_currency', 500, NULL, '2025-06-24 18:08:25', '2025-06-24 18:08:25'),
('6922d2ab-d840-4fc7-84fc-1c16c3a51db9', 'Use Abilities 236', 'Battlepass quest: Use abilities', 'battlepass', 'Use abilities', 'game_currency', 260, NULL, '2025-06-24 18:08:25', '2025-06-24 18:08:25'),
('694e74b4-6823-4a5e-ad31-6b39dcb561a8', 'Eliminate Enemies 81', 'Battlepass quest: Defeat enemies', 'battlepass', 'Defeat enemies', 'game_currency', 100, NULL, '2025-06-24 18:08:25', '2025-06-24 18:08:25'),
('6a183b17-3b24-4a0c-9f0e-40361c3625f7', 'Use Abilities 86', 'Battlepass quest: Use abilities', 'battlepass', 'Use abilities', 'game_currency', 260, NULL, '2025-06-24 18:08:25', '2025-06-24 18:08:25'),
('6ad30417-a40c-44fe-936e-e67ee5e80801', 'Eliminate Enemies 261', 'Battlepass quest: Defeat enemies', 'battlepass', 'Defeat enemies', 'game_currency', 150, NULL, '2025-06-24 18:08:25', '2025-06-24 18:08:25'),
('6b64a959-9083-4084-884d-c6f438c90322', 'Gain Experience 50', 'Battlepass quest: Gain XP', 'battlepass', 'Gain XP', 'game_currency', 135, NULL, '2025-06-24 18:08:25', '2025-06-24 18:08:25'),
('6e18d571-dc97-4562-8aad-78303a3c1e48', 'Collect Items 63', 'Battlepass quest: Collect items', 'battlepass', 'Collect items', 'game_currency', 275, NULL, '2025-06-24 18:08:25', '2025-06-24 18:08:25'),
('6e45488b-b55b-4f1c-992e-d7564f2eaf39', 'Play Matches 38', 'Battlepass quest: Play matches', 'battlepass', 'Play matches', 'game_currency', 320, NULL, '2025-06-24 18:08:25', '2025-06-24 18:08:25'),
('6f940fe1-892a-4ac1-90d8-fb381bf3c54e', 'Play Matches 278', 'Battlepass quest: Play matches', 'battlepass', 'Play matches', 'game_currency', 170, NULL, '2025-06-24 18:08:25', '2025-06-24 18:08:25'),
('6fd3bc7b-f29c-445f-9a29-e23ce426e64c', 'Collect Items 93', 'Battlepass quest: Collect items', 'battlepass', 'Collect items', 'game_currency', 125, NULL, '2025-06-24 18:08:25', '2025-06-24 18:08:25'),
('70ac0711-5b5e-4297-a0b4-a8029266ebc4', 'Deal Damage 204', 'Battlepass quest: Deal damage', 'battlepass', 'Deal damage', 'game_currency', 230, NULL, '2025-06-24 18:08:25', '2025-06-24 18:08:25'),
('70ec2589-112a-4c4f-b9a8-9a33e794dd78', 'Deal Damage 104', 'Battlepass quest: Deal damage', 'battlepass', 'Deal damage', 'game_currency', 280, NULL, '2025-06-24 18:08:25', '2025-06-24 18:08:25'),
('71b69319-aa4f-4956-9fe2-5d30a6b1f334', 'Deal Damage 74', 'Battlepass quest: Deal damage', 'battlepass', 'Deal damage', 'game_currency', 80, NULL, '2025-06-24 18:08:25', '2025-06-24 18:08:25'),
('71d129f8-d5f5-4c29-9056-e4c01dded09f', 'Deal Damage 274', 'Battlepass quest: Deal damage', 'battlepass', 'Deal damage', 'game_currency', 180, NULL, '2025-06-24 18:08:25', '2025-06-24 18:08:25'),
('721f549e-e47b-4e98-8a52-5f4a580e6f97', 'Survive Time 315', 'Battlepass quest: Survive time', 'battlepass', 'Survive time', 'game_currency', 70, NULL, '2025-06-24 18:08:25', '2025-06-24 18:08:25'),
('72e8bbaf-a229-4d06-9a51-e77adf41567c', 'Play Matches 328', 'Battlepass quest: Play matches', 'battlepass', 'Play matches', 'game_currency', 220, NULL, '2025-06-24 18:08:25', '2025-06-24 18:08:25'),
('74238db9-03bd-4545-8d6a-08a84158e7d9', 'Complete Objectives 9', 'Battlepass quest: Complete objectives', 'battlepass', 'Complete objectives', 'game_currency', 150, NULL, '2025-06-24 18:08:25', '2025-06-24 18:08:25'),
('752c74a9-e047-4612-9c41-b68c6390210c', 'Experience Hunter', 'Gain 5000 XP this week', 'weekly', 'Gain XP', 'game_currency', 400, NULL, '2025-06-24 18:08:25', '2025-06-24 18:08:25'),
('75e0bfc8-6749-4491-a5a8-9bff9839985e', 'Score Points 297', 'Battlepass quest: Score points', 'battlepass', 'Score points', 'game_currency', 290, NULL, '2025-06-24 18:08:25', '2025-06-24 18:08:25'),
('7680790a-16df-4c1a-a0c6-60249a7d9921', 'Win Matches 112', 'Battlepass quest: Win matches', 'battlepass', 'Win matches', 'game_currency', 400, NULL, '2025-06-24 18:08:25', '2025-06-24 18:08:25'),
('76889bef-dfe4-45b2-bc38-675006b4b21c', 'Collect 5 Items', 'Collect 5 items during gameplay', 'daily', 'Collect items', 'game_currency', 60, NULL, '2025-06-24 18:08:25', '2025-06-24 18:08:25'),
('76af907c-82d9-4243-8983-3c3a5a88c9ce', 'Collect Items 153', 'Battlepass quest: Collect items', 'battlepass', 'Collect items', 'game_currency', 125, NULL, '2025-06-24 18:08:25', '2025-06-24 18:08:25'),
('77113e77-8e11-4313-ad1d-d707b5e7e84d', 'Gain Experience 60', 'Battlepass quest: Gain XP', 'battlepass', 'Gain XP', 'game_currency', 185, NULL, '2025-06-24 18:08:25', '2025-06-24 18:08:25'),
('775160be-f21e-4f53-b27c-3908fa78755d', 'Deal 2000 Damage', 'Deal 2000 total damage to enemies', 'daily', 'Deal damage', 'game_currency', 110, NULL, '2025-06-24 18:08:25', '2025-06-24 18:08:25'),
('7771c509-92b4-414c-9ae0-97e274fc33ec', 'Deal Damage 364', 'Battlepass quest: Deal damage', 'battlepass', 'Deal damage', 'game_currency', 230, NULL, '2025-06-24 18:08:25', '2025-06-24 18:08:25'),
('77ed04b0-b123-4bff-b882-b591690fa3d4', 'Use Abilities 306', 'Battlepass quest: Use abilities', 'battlepass', 'Use abilities', 'game_currency', 260, NULL, '2025-06-24 18:08:25', '2025-06-24 18:08:25'),
('7895d586-c15c-4c65-917d-cbc4a2bf29fb', 'Survive Time 35', 'Battlepass quest: Survive time', 'battlepass', 'Survive time', 'game_currency', 270, NULL, '2025-06-24 18:08:25', '2025-06-24 18:08:25'),
('78b02a49-48e6-4953-937c-d9aacdb0ac5a', 'Survive Time 145', 'Battlepass quest: Survive time', 'battlepass', 'Survive time', 'game_currency', 120, NULL, '2025-06-24 18:08:25', '2025-06-24 18:08:25'),
('78e67edb-5fe8-4e93-adb1-6ce77105ce86', 'Use Abilities 346', 'Battlepass quest: Use abilities', 'battlepass', 'Use abilities', 'game_currency', 260, NULL, '2025-06-24 18:08:25', '2025-06-24 18:08:25'),
('79203ad4-a660-445d-ae82-b5f8190cc50f', 'Ability Master', 'Use abilities 50 times this week', 'weekly', 'Use abilities', 'game_currency', 300, NULL, '2025-06-24 18:08:25', '2025-06-24 18:08:25'),
('79a92e7d-2cbe-41f8-918d-810f3be4f2ae', 'Collect Items 143', 'Battlepass quest: Collect items', 'battlepass', 'Collect items', 'game_currency', 125, NULL, '2025-06-24 18:08:25', '2025-06-24 18:08:25'),
('7aa6d8d6-1e24-49f0-80ba-a41be70dda35', 'Use Abilities 216', 'Battlepass quest: Use abilities', 'battlepass', 'Use abilities', 'game_currency', 210, NULL, '2025-06-24 18:08:25', '2025-06-24 18:08:25'),
('7ae98803-9de7-40a9-9861-99e1cfacc5df', 'Weekly Dedication', 'Login 7 days this week', 'weekly', 'Login days', 'game_currency', 250, NULL, '2025-06-24 18:08:25', '2025-06-24 18:08:25'),
('7c3ba186-70f0-4536-a5b7-4b3deec972aa', 'Collect Items 373', 'Battlepass quest: Collect items', 'battlepass', 'Collect items', 'game_currency', 225, NULL, '2025-06-24 18:08:25', '2025-06-24 18:08:25'),
('7c8cff0d-ca4f-44ea-9161-f03a6eaee599', 'Complete Objectives 289', 'Battlepass quest: Complete objectives', 'battlepass', 'Complete objectives', 'game_currency', 300, NULL, '2025-06-24 18:08:25', '2025-06-24 18:08:25'),
('7d50323e-3758-45ef-8ba3-d8c81e532cae', 'Gain Experience 360', 'Battlepass quest: Gain XP', 'battlepass', 'Gain XP', 'game_currency', 135, NULL, '2025-06-24 18:08:25', '2025-06-24 18:08:25'),
('7d590764-437d-48bd-97ff-066407e1bc6e', 'Deal Damage 294', 'Battlepass quest: Deal damage', 'battlepass', 'Deal damage', 'game_currency', 80, NULL, '2025-06-24 18:08:25', '2025-06-24 18:08:25'),
('7d9ca6f8-fa46-4674-878b-efe2f201a572', 'Deal Damage 24', 'Battlepass quest: Deal damage', 'battlepass', 'Deal damage', 'game_currency', 230, NULL, '2025-06-24 18:08:25', '2025-06-24 18:08:25'),
('7da02159-f939-4d42-92c7-cd53d3c7fec5', 'Use Abilities 296', 'Battlepass quest: Use abilities', 'battlepass', 'Use abilities', 'game_currency', 60, NULL, '2025-06-24 18:08:25', '2025-06-24 18:08:25'),
('7dc85bba-c97d-4c86-a53a-e278841511a3', 'Collect Items 333', 'Battlepass quest: Collect items', 'battlepass', 'Collect items', 'game_currency', 75, NULL, '2025-06-24 18:08:25', '2025-06-24 18:08:25'),
('7e3da6ea-7e36-4436-bf6f-69535a31d539', 'Play Matches 348', 'Battlepass quest: Play matches', 'battlepass', 'Play matches', 'game_currency', 170, NULL, '2025-06-24 18:08:25', '2025-06-24 18:08:25'),
('7e5af888-89a7-41f4-af9c-6c852b57abeb', 'Survive Time 155', 'Battlepass quest: Survive time', 'battlepass', 'Survive time', 'game_currency', 170, NULL, '2025-06-24 18:08:25', '2025-06-24 18:08:25'),
('7fe2233f-f8ae-474e-b3c7-576e1abeb9ff', 'Eliminate Enemies 391', 'Battlepass quest: Defeat enemies', 'battlepass', 'Defeat enemies', 'game_currency', 100, NULL, '2025-06-24 18:08:25', '2025-06-24 18:08:25'),
('80957b46-ef13-4e76-ade4-dca4e41437cf', 'Collect Items 3', 'Battlepass quest: Collect items', 'battlepass', 'Collect items', 'game_currency', 125, NULL, '2025-06-24 18:08:25', '2025-06-24 18:08:25'),
('821fde15-3267-49f1-b3cf-59b43b9bb418', 'Deal Damage 244', 'Battlepass quest: Deal damage', 'battlepass', 'Deal damage', 'game_currency', 80, NULL, '2025-06-24 18:08:25', '2025-06-24 18:08:25'),
('82353a4d-f381-42ef-b735-89de87e2ee40', 'Survive Time 105', 'Battlepass quest: Survive time', 'battlepass', 'Survive time', 'game_currency', 270, NULL, '2025-06-24 18:08:25', '2025-06-24 18:08:25'),
('82f49fba-48fc-4e0b-8aef-d413d774656a', 'Gain Experience 210', 'Battlepass quest: Gain XP', 'battlepass', 'Gain XP', 'game_currency', 285, NULL, '2025-06-24 18:08:25', '2025-06-24 18:08:25'),
('833f23d4-59d0-47eb-b0a1-78a9962c33ad', 'Eliminate Enemies 251', 'Battlepass quest: Defeat enemies', 'battlepass', 'Defeat enemies', 'game_currency', 200, NULL, '2025-06-24 18:08:25', '2025-06-24 18:08:25'),
('84158257-8131-4445-b890-80150d683f5d', 'Collect Items 243', 'Battlepass quest: Collect items', 'battlepass', 'Collect items', 'game_currency', 175, NULL, '2025-06-24 18:08:25', '2025-06-24 18:08:25'),
('85e6ded9-f989-49a2-8378-59d367a4b0dc', 'Enemy Eliminator', 'Defeat 100 enemies this week', 'weekly', 'Defeat enemies', 'game_currency', 450, NULL, '2025-06-24 18:08:25', '2025-06-24 18:08:25'),
('86c65695-efe4-4af9-96da-19041465516f', 'Gain Experience 10', 'Battlepass quest: Gain XP', 'battlepass', 'Gain XP', 'game_currency', 85, NULL, '2025-06-24 18:08:25', '2025-06-24 18:08:25'),
('8809b0b6-4196-436d-82d7-0b1f0a2d2a11', 'Collect Items 73', 'Battlepass quest: Collect items', 'battlepass', 'Collect items', 'game_currency', 225, NULL, '2025-06-24 18:08:25', '2025-06-24 18:08:25'),
('88f6cccf-1496-42c8-9433-c310be9a543b', 'Gain Experience 170', 'Battlepass quest: Gain XP', 'battlepass', 'Gain XP', 'game_currency', 135, NULL, '2025-06-24 18:08:25', '2025-06-24 18:08:25'),
('89869f2d-7617-4336-ae41-db7b5e9b9876', 'Eliminate Enemies 11', 'Battlepass quest: Defeat enemies', 'battlepass', 'Defeat enemies', 'game_currency', 100, NULL, '2025-06-24 18:08:25', '2025-06-24 18:08:25'),
('8a374b45-5727-474b-8796-0103eb5fd956', 'Survive Time 345', 'Battlepass quest: Survive time', 'battlepass', 'Survive time', 'game_currency', 120, NULL, '2025-06-24 18:08:25', '2025-06-24 18:08:25'),
('8a448a97-d991-4e71-87a9-fe7ac45e1396', 'Survive Time 15', 'Battlepass quest: Survive time', 'battlepass', 'Survive time', 'game_currency', 270, NULL, '2025-06-24 18:08:25', '2025-06-24 18:08:25'),
('8b23a204-88e2-4260-a04f-80a58ca0cd2d', 'Survive Time 395', 'Battlepass quest: Survive time', 'battlepass', 'Survive time', 'game_currency', 270, NULL, '2025-06-24 18:08:25', '2025-06-24 18:08:25'),
('8b29a903-48cb-4379-8299-1ddcb6cc908c', 'Gain Experience 280', 'Battlepass quest: Gain XP', 'battlepass', 'Gain XP', 'game_currency', 185, NULL, '2025-06-24 18:08:25', '2025-06-24 18:08:25'),
('8b459692-394e-46bf-af0b-1c15ee53d9e4', 'Score Points 247', 'Battlepass quest: Score points', 'battlepass', 'Score points', 'game_currency', 190, NULL, '2025-06-24 18:08:25', '2025-06-24 18:08:25'),
('8ba1ac17-b1a7-4051-b83a-354bac497b0f', 'Complete Objectives 199', 'Battlepass quest: Complete objectives', 'battlepass', 'Complete objectives', 'game_currency', 100, NULL, '2025-06-24 18:08:25', '2025-06-24 18:08:25'),
('8c9482ca-41d5-4386-894a-05a1602111fb', 'Deal Damage 124', 'Battlepass quest: Deal damage', 'battlepass', 'Deal damage', 'game_currency', 180, NULL, '2025-06-24 18:08:25', '2025-06-24 18:08:25'),
('8cdabb51-b94e-49cd-bbf4-b7c01456ef73', 'Score Points 97', 'Battlepass quest: Score points', 'battlepass', 'Score points', 'game_currency', 240, NULL, '2025-06-24 18:08:25', '2025-06-24 18:08:25'),
('8d702632-1ff3-496c-892f-1754e1184e0d', 'Survive Time 175', 'Battlepass quest: Survive time', 'battlepass', 'Survive time', 'game_currency', 220, NULL, '2025-06-24 18:08:25', '2025-06-24 18:08:25'),
('8d8c167f-a1e5-41ed-a430-6b1c905110ed', 'Score Points 37', 'Battlepass quest: Score points', 'battlepass', 'Score points', 'game_currency', 190, NULL, '2025-06-24 18:08:25', '2025-06-24 18:08:25'),
('8dd4b8a1-433c-4673-9188-3e86e73bbd2b', 'Gain Experience 80', 'Battlepass quest: Gain XP', 'battlepass', 'Gain XP', 'game_currency', 85, NULL, '2025-06-24 18:08:25', '2025-06-24 18:08:25'),
('8df12aa7-dd16-4842-9b57-1a1295ba82f6', 'Survive Time 265', 'Battlepass quest: Survive time', 'battlepass', 'Survive time', 'game_currency', 70, NULL, '2025-06-24 18:08:25', '2025-06-24 18:08:25'),
('8dfa7a69-42fe-4d5f-93ed-50544a3327ef', 'Collect Items 23', 'Battlepass quest: Collect items', 'battlepass', 'Collect items', 'game_currency', 75, NULL, '2025-06-24 18:08:25', '2025-06-24 18:08:25'),
('8fd72e7a-367a-4522-8f3f-58caaf02518e', 'Gain Experience 70', 'Battlepass quest: Gain XP', 'battlepass', 'Gain XP', 'game_currency', 235, NULL, '2025-06-24 18:08:25', '2025-06-24 18:08:25'),
('91d30f98-400c-4778-949e-d7ae155f7c9c', 'Survive Time 205', 'Battlepass quest: Survive time', 'battlepass', 'Survive time', 'game_currency', 70, NULL, '2025-06-24 18:08:25', '2025-06-24 18:08:25'),
('91d98b93-5a3d-4d38-bbab-9204fa3a9a26', 'Eliminate Enemies 1', 'Battlepass quest: Defeat enemies', 'battlepass', 'Defeat enemies', 'game_currency', 50, NULL, '2025-06-24 18:08:25', '2025-06-24 18:08:25'),
('91f1406d-3bf6-4eb8-afd1-a4cdb98c9dcb', 'Play Matches 108', 'Battlepass quest: Play matches', 'battlepass', 'Play matches', 'game_currency', 320, NULL, '2025-06-24 18:08:25', '2025-06-24 18:08:25'),
('922dad28-efca-4bf3-95ba-fc5c219edfef', 'Use Abilities 156', 'Battlepass quest: Use abilities', 'battlepass', 'Use abilities', 'game_currency', 260, NULL, '2025-06-24 18:08:25', '2025-06-24 18:08:25'),
('9269034c-4bb7-4453-9d64-a5f1e7a85b03', 'Complete Objectives 269', 'Battlepass quest: Complete objectives', 'battlepass', 'Complete objectives', 'game_currency', 300, NULL, '2025-06-24 18:08:25', '2025-06-24 18:08:25'),
('948dbf53-3239-4826-8318-41d2a58cbcbe', 'Gain Experience 370', 'Battlepass quest: Gain XP', 'battlepass', 'Gain XP', 'game_currency', 135, NULL, '2025-06-24 18:08:25', '2025-06-24 18:08:25'),
('94a8fd8b-f4fc-4b6e-a3fe-c3da2f50b014', 'Use Abilities 46', 'Battlepass quest: Use abilities', 'battlepass', 'Use abilities', 'game_currency', 210, NULL, '2025-06-24 18:08:25', '2025-06-24 18:08:25'),
('94ab34df-86a0-4587-96ba-6c5a59e3ad9d', 'Win Matches 122', 'Battlepass quest: Win matches', 'battlepass', 'Win matches', 'game_currency', 500, NULL, '2025-06-24 18:08:25', '2025-06-24 18:08:25'),
('952300b1-e6fa-4a57-a743-4c20de54cdd6', 'Survive Time 165', 'Battlepass quest: Survive time', 'battlepass', 'Survive time', 'game_currency', 70, NULL, '2025-06-24 18:08:25', '2025-06-24 18:08:25'),
('96300e29-2d0a-4f38-9ee7-28e13fa36203', 'Deal Damage 54', 'Battlepass quest: Deal damage', 'battlepass', 'Deal damage', 'game_currency', 280, NULL, '2025-06-24 18:08:25', '2025-06-24 18:08:25'),
('976e369f-9269-4735-9fdd-9f79ea667423', 'Complete Objectives 219', 'Battlepass quest: Complete objectives', 'battlepass', 'Complete objectives', 'game_currency', 300, NULL, '2025-06-24 18:08:25', '2025-06-24 18:08:25'),
('9797fee7-ae7c-48e4-a243-16a57ee9f914', 'Survive Time 245', 'Battlepass quest: Survive time', 'battlepass', 'Survive time', 'game_currency', 170, NULL, '2025-06-24 18:08:25', '2025-06-24 18:08:25');
INSERT INTO `quests` (`id`, `title`, `description`, `quest_type`, `objective`, `reward_type`, `reward_value`, `reward_item_id`, `createdAt`, `updatedAt`) VALUES
('9890bcc6-b44b-4be8-bede-f23dcd428da2', 'Score Points 27', 'Battlepass quest: Score points', 'battlepass', 'Score points', 'game_currency', 190, NULL, '2025-06-24 18:08:25', '2025-06-24 18:08:25'),
('98a188bb-d9cb-4c8a-b028-c818f5685e3a', 'Play Matches 128', 'Battlepass quest: Play matches', 'battlepass', 'Play matches', 'game_currency', 220, NULL, '2025-06-24 18:08:25', '2025-06-24 18:08:25'),
('993438c9-57bc-450a-94cf-a6d95a77a86b', 'Score Points 327', 'Battlepass quest: Score points', 'battlepass', 'Score points', 'game_currency', 140, NULL, '2025-06-24 18:08:25', '2025-06-24 18:08:25'),
('9938fd08-b82a-4095-91d2-d107c388c498', 'Score Points 387', 'Battlepass quest: Score points', 'battlepass', 'Score points', 'game_currency', 190, NULL, '2025-06-24 18:08:25', '2025-06-24 18:08:25'),
('99737f7d-0a2d-4572-b5c5-561bc5a266b1', 'Complete Objectives 329', 'Battlepass quest: Complete objectives', 'battlepass', 'Complete objectives', 'game_currency', 200, NULL, '2025-06-24 18:08:25', '2025-06-24 18:08:25'),
('99a94763-5b87-4282-9d3a-d9d55af391c0', 'Score Points 217', 'Battlepass quest: Score points', 'battlepass', 'Score points', 'game_currency', 190, NULL, '2025-06-24 18:08:25', '2025-06-24 18:08:25'),
('9b1fc7d8-93a8-47fc-ba26-b7b8758f920d', 'Survive Time 385', 'Battlepass quest: Survive time', 'battlepass', 'Survive time', 'game_currency', 70, NULL, '2025-06-24 18:08:25', '2025-06-24 18:08:25'),
('9b47f8e3-7279-48fd-a9d2-630c12687e8c', 'Deal Damage 14', 'Battlepass quest: Deal damage', 'battlepass', 'Deal damage', 'game_currency', 230, NULL, '2025-06-24 18:08:25', '2025-06-24 18:08:25'),
('9bccc845-c8a0-4815-836d-dd683ce7e297', 'Survive Time 135', 'Battlepass quest: Survive time', 'battlepass', 'Survive time', 'game_currency', 170, NULL, '2025-06-24 18:08:25', '2025-06-24 18:08:25'),
('9c0feccc-cea4-48ac-ae5b-5a7422ec7979', 'Gain Experience 100', 'Battlepass quest: Gain XP', 'battlepass', 'Gain XP', 'game_currency', 185, NULL, '2025-06-24 18:08:25', '2025-06-24 18:08:25'),
('9d4e2803-6811-4dcb-b0b6-33dcb11e74f7', 'Survive Time 45', 'Battlepass quest: Survive time', 'battlepass', 'Survive time', 'game_currency', 220, NULL, '2025-06-24 18:08:25', '2025-06-24 18:08:25'),
('9eb8f5a9-c460-4804-88fb-5423a151f385', 'Use Abilities 336', 'Battlepass quest: Use abilities', 'battlepass', 'Use abilities', 'game_currency', 260, NULL, '2025-06-24 18:08:25', '2025-06-24 18:08:25'),
('9f5bb3be-cc42-45d3-848e-85a2caca4435', 'Collect Items 363', 'Battlepass quest: Collect items', 'battlepass', 'Collect items', 'game_currency', 75, NULL, '2025-06-24 18:08:25', '2025-06-24 18:08:25'),
('a000857d-b63e-4f7a-bc8c-f168aa87ec39', 'Win Matches 132', 'Battlepass quest: Win matches', 'battlepass', 'Win matches', 'game_currency', 100, NULL, '2025-06-24 18:08:25', '2025-06-24 18:08:25'),
('a10cc26f-1322-4409-9b1a-b8d68d9d3f85', 'Deal Damage 164', 'Battlepass quest: Deal damage', 'battlepass', 'Deal damage', 'game_currency', 80, NULL, '2025-06-24 18:08:25', '2025-06-24 18:08:25'),
('a10fb394-a334-44b2-8827-de5e9f4cbe04', 'Win Matches 322', 'Battlepass quest: Win matches', 'battlepass', 'Win matches', 'game_currency', 400, NULL, '2025-06-24 18:08:25', '2025-06-24 18:08:25'),
('a137c205-af04-4933-9621-bfb96b129086', 'Play Matches 248', 'Battlepass quest: Play matches', 'battlepass', 'Play matches', 'game_currency', 320, NULL, '2025-06-24 18:08:25', '2025-06-24 18:08:25'),
('a194714a-aa96-45bc-ae31-008f672784cc', 'Play Matches 238', 'Battlepass quest: Play matches', 'battlepass', 'Play matches', 'game_currency', 270, NULL, '2025-06-24 18:08:25', '2025-06-24 18:08:25'),
('a2ca5677-a89f-4b4c-9ec7-5c371c65b935', 'Gain Experience 220', 'Battlepass quest: Gain XP', 'battlepass', 'Gain XP', 'game_currency', 235, NULL, '2025-06-24 18:08:25', '2025-06-24 18:08:25'),
('a2ff71a2-bf34-41f8-bcaa-b033b4827067', 'Win Matches 102', 'Battlepass quest: Win matches', 'battlepass', 'Win matches', 'game_currency', 500, NULL, '2025-06-24 18:08:25', '2025-06-24 18:08:25'),
('a3145cea-0198-41c3-a058-6282b42d12ad', 'Gain Experience 180', 'Battlepass quest: Gain XP', 'battlepass', 'Gain XP', 'game_currency', 135, NULL, '2025-06-24 18:08:25', '2025-06-24 18:08:25'),
('a37d9c56-347c-4866-924f-00f2ac4a4c99', 'Score Points 347', 'Battlepass quest: Score points', 'battlepass', 'Score points', 'game_currency', 290, NULL, '2025-06-24 18:08:25', '2025-06-24 18:08:25'),
('a4065a67-a799-4ae6-b53d-83e67df84298', 'Survival Expert', 'Survive 30 minutes total this week', 'weekly', 'Survive time', 'game_currency', 400, NULL, '2025-06-24 18:08:25', '2025-06-24 18:08:25'),
('a794c6cf-b325-4c4e-8ca0-951fc0e72d0f', 'Complete Objectives 119', 'Battlepass quest: Complete objectives', 'battlepass', 'Complete objectives', 'game_currency', 100, NULL, '2025-06-24 18:08:25', '2025-06-24 18:08:25'),
('a7b8ab76-b394-4903-a6e3-1ffc46e496d7', 'Eliminate Enemies 111', 'Battlepass quest: Defeat enemies', 'battlepass', 'Defeat enemies', 'game_currency', 100, NULL, '2025-06-24 18:08:25', '2025-06-24 18:08:25'),
('a811855e-3199-454e-9efc-8b2e3613937e', 'Collect Items 133', 'Battlepass quest: Collect items', 'battlepass', 'Collect items', 'game_currency', 75, NULL, '2025-06-24 18:08:25', '2025-06-24 18:08:25'),
('a89f81a6-535b-402f-a962-3cedb89267ee', 'Collect Items 293', 'Battlepass quest: Collect items', 'battlepass', 'Collect items', 'game_currency', 75, NULL, '2025-06-24 18:08:25', '2025-06-24 18:08:25'),
('a8b989be-6a2e-4f2d-9fc5-7916a6a81732', 'Play Matches 8', 'Battlepass quest: Play matches', 'battlepass', 'Play matches', 'game_currency', 320, NULL, '2025-06-24 18:08:25', '2025-06-24 18:08:25'),
('a8d44128-01e0-4124-b31b-38877bc76bcf', 'Gain Experience 20', 'Battlepass quest: Gain XP', 'battlepass', 'Gain XP', 'game_currency', 85, NULL, '2025-06-24 18:08:25', '2025-06-24 18:08:25'),
('aa671d60-c20a-4cd5-af01-4a535ee8d269', 'Survive Time 305', 'Battlepass quest: Survive time', 'battlepass', 'Survive time', 'game_currency', 220, NULL, '2025-06-24 18:08:25', '2025-06-24 18:08:25'),
('aa8cf23b-cef1-4b8e-9936-7892372fcdec', 'Collect Items 193', 'Battlepass quest: Collect items', 'battlepass', 'Collect items', 'game_currency', 275, NULL, '2025-06-24 18:08:25', '2025-06-24 18:08:25'),
('aaa982f6-88ff-49eb-8e49-37f1845f3821', 'Survive Time 235', 'Battlepass quest: Survive time', 'battlepass', 'Survive time', 'game_currency', 170, NULL, '2025-06-24 18:08:25', '2025-06-24 18:08:25'),
('ab20baf3-5be9-4c77-9cf5-48f30cb29511', 'Gain Experience 380', 'Battlepass quest: Gain XP', 'battlepass', 'Gain XP', 'game_currency', 235, NULL, '2025-06-24 18:08:25', '2025-06-24 18:08:25'),
('ab8cb81e-42af-41b3-848a-9d59240b0ba7', 'Win Matches 192', 'Battlepass quest: Win matches', 'battlepass', 'Win matches', 'game_currency', 500, NULL, '2025-06-24 18:08:25', '2025-06-24 18:08:25'),
('ab958752-d0e8-44d2-b904-fde8cd19f4ab', 'Score Points 77', 'Battlepass quest: Score points', 'battlepass', 'Score points', 'game_currency', 190, NULL, '2025-06-24 18:08:25', '2025-06-24 18:08:25'),
('acbdffa8-ecbd-4823-8cd2-4fb16b365a7e', 'Eliminate Enemies 181', 'Battlepass quest: Defeat enemies', 'battlepass', 'Defeat enemies', 'game_currency', 100, NULL, '2025-06-24 18:08:25', '2025-06-24 18:08:25'),
('ad0f475d-53c9-49a3-a747-0052089d47ae', 'Collect Items 303', 'Battlepass quest: Collect items', 'battlepass', 'Collect items', 'game_currency', 125, NULL, '2025-06-24 18:08:25', '2025-06-24 18:08:25'),
('ad79a6bd-9b97-4df3-8e9d-c614d3650a56', 'Win Matches 282', 'Battlepass quest: Win matches', 'battlepass', 'Win matches', 'game_currency', 100, NULL, '2025-06-24 18:08:25', '2025-06-24 18:08:25'),
('b05814f9-1e36-47e3-b762-489d081579af', 'Eliminate Enemies 351', 'Battlepass quest: Defeat enemies', 'battlepass', 'Defeat enemies', 'game_currency', 100, NULL, '2025-06-24 18:08:25', '2025-06-24 18:08:25'),
('b0d38e2d-7ee1-4945-8885-4f69a7f11719', 'Use Abilities 206', 'Battlepass quest: Use abilities', 'battlepass', 'Use abilities', 'game_currency', 110, NULL, '2025-06-24 18:08:25', '2025-06-24 18:08:25'),
('b11c163a-996d-4cf9-adcf-e1d5a9dc522f', 'Complete Objectives 309', 'Battlepass quest: Complete objectives', 'battlepass', 'Complete objectives', 'game_currency', 250, NULL, '2025-06-24 18:08:25', '2025-06-24 18:08:25'),
('b1be448f-c513-489e-9647-f8c964110b84', 'Eliminate Enemies 361', 'Battlepass quest: Defeat enemies', 'battlepass', 'Defeat enemies', 'game_currency', 50, NULL, '2025-06-24 18:08:25', '2025-06-24 18:08:25'),
('b2d0dbda-ef95-47fd-8ab4-d8c49b3b4a87', 'Survive Time 195', 'Battlepass quest: Survive time', 'battlepass', 'Survive time', 'game_currency', 220, NULL, '2025-06-24 18:08:25', '2025-06-24 18:08:25'),
('b2fa9b26-92a9-41eb-a683-cbc678281005', 'Win Matches 172', 'Battlepass quest: Win matches', 'battlepass', 'Win matches', 'game_currency', 400, NULL, '2025-06-24 18:08:25', '2025-06-24 18:08:25'),
('b3c9aeda-e19a-4fa4-95c3-619829b016fc', 'Use Abilities 106', 'Battlepass quest: Use abilities', 'battlepass', 'Use abilities', 'game_currency', 260, NULL, '2025-06-24 18:08:25', '2025-06-24 18:08:25'),
('b42165d1-5bf7-45a7-a006-9ae86866875d', 'Collect Items 203', 'Battlepass quest: Collect items', 'battlepass', 'Collect items', 'game_currency', 175, NULL, '2025-06-24 18:08:25', '2025-06-24 18:08:25'),
('b4795e6d-260c-4b92-a6cc-d693a615054f', 'Gain Experience 300', 'Battlepass quest: Gain XP', 'battlepass', 'Gain XP', 'game_currency', 85, NULL, '2025-06-24 18:08:25', '2025-06-24 18:08:25'),
('b4d54f59-ba57-4a2c-9f45-3534d8e73c93', 'Survive Time 125', 'Battlepass quest: Survive time', 'battlepass', 'Survive time', 'game_currency', 170, NULL, '2025-06-24 18:08:25', '2025-06-24 18:08:25'),
('b720ba99-db35-41e8-bb63-b7b7e8573bac', 'Deal Damage 84', 'Battlepass quest: Deal damage', 'battlepass', 'Deal damage', 'game_currency', 80, NULL, '2025-06-24 18:08:25', '2025-06-24 18:08:25'),
('b7e2c938-7dfe-4fba-8758-bbfe58a4d636', 'Deal Damage 314', 'Battlepass quest: Deal damage', 'battlepass', 'Deal damage', 'game_currency', 230, NULL, '2025-06-24 18:08:25', '2025-06-24 18:08:25'),
('b829e652-90bb-40b1-a256-168a980c7c87', 'Gain Experience 90', 'Battlepass quest: Gain XP', 'battlepass', 'Gain XP', 'game_currency', 285, NULL, '2025-06-24 18:08:25', '2025-06-24 18:08:25'),
('b8d0812a-6745-4e38-a316-8fbc45a0ea8c', 'Deal Damage 304', 'Battlepass quest: Deal damage', 'battlepass', 'Deal damage', 'game_currency', 180, NULL, '2025-06-24 18:08:25', '2025-06-24 18:08:25'),
('b8f88ec2-2298-4f5e-82ea-fdc6ab7c6460', 'Play Matches 158', 'Battlepass quest: Play matches', 'battlepass', 'Play matches', 'game_currency', 320, NULL, '2025-06-24 18:08:25', '2025-06-24 18:08:25'),
('b93873c2-53a3-47b2-9a9f-d6febc071e68', 'Complete Objectives 99', 'Battlepass quest: Complete objectives', 'battlepass', 'Complete objectives', 'game_currency', 100, NULL, '2025-06-24 18:08:25', '2025-06-24 18:08:25'),
('b9618300-6848-48a1-b641-4a9f13cf922b', 'Eliminate Enemies 241', 'Battlepass quest: Defeat enemies', 'battlepass', 'Defeat enemies', 'game_currency', 50, NULL, '2025-06-24 18:08:25', '2025-06-24 18:08:25'),
('b98cef5d-d510-450c-a48a-da7ab1aec42c', 'Deal Damage 254', 'Battlepass quest: Deal damage', 'battlepass', 'Deal damage', 'game_currency', 130, NULL, '2025-06-24 18:08:25', '2025-06-24 18:08:25'),
('ba28e0cb-ffaa-4901-a3e5-075ebfa2d419', 'Survive Time 5', 'Battlepass quest: Survive time', 'battlepass', 'Survive time', 'game_currency', 70, NULL, '2025-06-24 18:08:25', '2025-06-24 18:08:25'),
('ba353b30-b816-4de6-b274-39f334e91c04', 'Match Marathon', 'Play 25 matches this week', 'weekly', 'Play matches', 'game_currency', 600, NULL, '2025-06-24 18:08:25', '2025-06-24 18:08:25'),
('ba70af64-72f8-4f76-b89a-adbd27cd4861', 'Collect Items 83', 'Battlepass quest: Collect items', 'battlepass', 'Collect items', 'game_currency', 275, NULL, '2025-06-24 18:08:25', '2025-06-24 18:08:25'),
('bab2b540-a3c9-4a7d-8e4b-a6b5cadb6812', 'Eliminate Enemies 121', 'Battlepass quest: Defeat enemies', 'battlepass', 'Defeat enemies', 'game_currency', 250, NULL, '2025-06-24 18:08:25', '2025-06-24 18:08:25'),
('bbb993de-9aac-45b3-af0c-9fa3e5de3cac', 'Play Matches 198', 'Battlepass quest: Play matches', 'battlepass', 'Play matches', 'game_currency', 220, NULL, '2025-06-24 18:08:25', '2025-06-24 18:08:25'),
('bbe9d2a4-410e-4b3c-ac68-1bc77dde59a3', 'Eliminate Enemies 321', 'Battlepass quest: Defeat enemies', 'battlepass', 'Defeat enemies', 'game_currency', 50, NULL, '2025-06-24 18:08:25', '2025-06-24 18:08:25'),
('bd709eaa-76a6-4aee-95ec-d658ae2a2313', 'Complete Objectives 279', 'Battlepass quest: Complete objectives', 'battlepass', 'Complete objectives', 'game_currency', 100, NULL, '2025-06-24 18:08:25', '2025-06-24 18:08:25'),
('bd9d64e3-d6e4-4205-8228-c7dc5ced51dd', 'Gain Experience 330', 'Battlepass quest: Gain XP', 'battlepass', 'Gain XP', 'game_currency', 85, NULL, '2025-06-24 18:08:25', '2025-06-24 18:08:25'),
('be054b88-c6cf-45b8-9e05-71e7da5ad89c', 'Collect Items 283', 'Battlepass quest: Collect items', 'battlepass', 'Collect items', 'game_currency', 275, NULL, '2025-06-24 18:08:25', '2025-06-24 18:08:25'),
('be0d411b-1630-43e3-837c-99bcbc69ee6f', 'Complete Objectives 389', 'Battlepass quest: Complete objectives', 'battlepass', 'Complete objectives', 'game_currency', 200, NULL, '2025-06-24 18:08:25', '2025-06-24 18:08:25'),
('be88aba0-4ad8-4cf5-8b89-7a596f459f10', 'Survive Time 115', 'Battlepass quest: Survive time', 'battlepass', 'Survive time', 'game_currency', 70, NULL, '2025-06-24 18:08:25', '2025-06-24 18:08:25'),
('beb4df59-1602-4c53-833e-9b43793e3153', 'Eliminate Enemies 201', 'Battlepass quest: Defeat enemies', 'battlepass', 'Defeat enemies', 'game_currency', 100, NULL, '2025-06-24 18:08:25', '2025-06-24 18:08:25'),
('beda183d-a164-42d6-9620-dd4fe0aaaacb', 'Use Abilities 196', 'Battlepass quest: Use abilities', 'battlepass', 'Use abilities', 'game_currency', 160, NULL, '2025-06-24 18:08:25', '2025-06-24 18:08:25'),
('bfe44161-1eb3-4c7a-9716-435f4fe838df', 'Play Matches 68', 'Battlepass quest: Play matches', 'battlepass', 'Play matches', 'game_currency', 170, NULL, '2025-06-24 18:08:25', '2025-06-24 18:08:25'),
('c0343622-4774-4516-9b6d-79ee41c19069', 'Score Points 167', 'Battlepass quest: Score points', 'battlepass', 'Score points', 'game_currency', 190, NULL, '2025-06-24 18:08:25', '2025-06-24 18:08:25'),
('c0893766-6a57-4743-9a8e-d1c57cc2697a', 'Eliminate Enemies 141', 'Battlepass quest: Defeat enemies', 'battlepass', 'Defeat enemies', 'game_currency', 50, NULL, '2025-06-24 18:08:25', '2025-06-24 18:08:25'),
('c0d27032-e53c-41a3-85a6-e7bb34bf9e18', 'Win Matches 22', 'Battlepass quest: Win matches', 'battlepass', 'Win matches', 'game_currency', 300, NULL, '2025-06-24 18:08:25', '2025-06-24 18:08:25'),
('c2853b28-62d4-4dae-b5fa-95867195a11e', 'Use Abilities 56', 'Battlepass quest: Use abilities', 'battlepass', 'Use abilities', 'game_currency', 110, NULL, '2025-06-24 18:08:25', '2025-06-24 18:08:25'),
('c3799b86-972e-472d-ad28-2a32b4933374', 'Eliminate Enemies 71', 'Battlepass quest: Defeat enemies', 'battlepass', 'Defeat enemies', 'game_currency', 250, NULL, '2025-06-24 18:08:25', '2025-06-24 18:08:25'),
('c381b389-c1ed-4a7b-ae4c-f12153727664', 'Eliminate Enemies 231', 'Battlepass quest: Defeat enemies', 'battlepass', 'Defeat enemies', 'game_currency', 50, NULL, '2025-06-24 18:08:25', '2025-06-24 18:08:25'),
('c4634f67-1c3f-4230-a5d5-2e1f37741514', 'Score Points 367', 'Battlepass quest: Score points', 'battlepass', 'Score points', 'game_currency', 240, NULL, '2025-06-24 18:08:25', '2025-06-24 18:08:25'),
('c57e2957-4b54-453e-84f0-8670b7514d4b', 'Win Matches 382', 'Battlepass quest: Win matches', 'battlepass', 'Win matches', 'game_currency', 300, NULL, '2025-06-24 18:08:25', '2025-06-24 18:08:25'),
('c59d0b85-0fa6-4b80-8b61-f33b60e69334', 'Survive Time 375', 'Battlepass quest: Survive time', 'battlepass', 'Survive time', 'game_currency', 70, NULL, '2025-06-24 18:08:25', '2025-06-24 18:08:25'),
('c62c6df8-dc4b-4c54-aeee-2151c56298f3', 'Survive Time 95', 'Battlepass quest: Survive time', 'battlepass', 'Survive time', 'game_currency', 170, NULL, '2025-06-24 18:08:25', '2025-06-24 18:08:25'),
('c7a271ec-0ef8-48e9-99c7-7c74646ae94b', 'Collect Items 213', 'Battlepass quest: Collect items', 'battlepass', 'Collect items', 'game_currency', 175, NULL, '2025-06-24 18:08:25', '2025-06-24 18:08:25'),
('c7ce067d-4a24-468a-9c65-4c81e0f5653a', 'Win Matches 12', 'Battlepass quest: Win matches', 'battlepass', 'Win matches', 'game_currency', 200, NULL, '2025-06-24 18:08:25', '2025-06-24 18:08:25'),
('c82c8fba-aeb2-4634-a7de-46d63612b21e', 'Collect Items 113', 'Battlepass quest: Collect items', 'battlepass', 'Collect items', 'game_currency', 175, NULL, '2025-06-24 18:08:25', '2025-06-24 18:08:25'),
('c9e8e500-755e-4d5c-ae30-45de8ccbd422', 'Score Points 7', 'Battlepass quest: Score points', 'battlepass', 'Score points', 'game_currency', 240, NULL, '2025-06-24 18:08:25', '2025-06-24 18:08:25'),
('ca27aa3a-c6c5-43cc-9f69-152a884e50e1', 'Win Matches 182', 'Battlepass quest: Win matches', 'battlepass', 'Win matches', 'game_currency', 400, NULL, '2025-06-24 18:08:25', '2025-06-24 18:08:25'),
('ca2beb61-094b-4de2-96f9-58e620ebc455', 'Use Abilities 26', 'Battlepass quest: Use abilities', 'battlepass', 'Use abilities', 'game_currency', 160, NULL, '2025-06-24 18:08:25', '2025-06-24 18:08:25'),
('ca7fb556-e3df-4431-8cf1-4413703eba34', 'Win Matches 312', 'Battlepass quest: Win matches', 'battlepass', 'Win matches', 'game_currency', 100, NULL, '2025-06-24 18:08:25', '2025-06-24 18:08:25'),
('ca922aff-e14a-4678-aa43-07fd2eec95db', 'Complete Objectives 39', 'Battlepass quest: Complete objectives', 'battlepass', 'Complete objectives', 'game_currency', 150, NULL, '2025-06-24 18:08:25', '2025-06-24 18:08:25'),
('caf75f7f-ff37-4a19-8665-e74657340445', 'Score Points 107', 'Battlepass quest: Score points', 'battlepass', 'Score points', 'game_currency', 240, NULL, '2025-06-24 18:08:25', '2025-06-24 18:08:25'),
('cbdc62ee-bd63-4270-bcad-b2585a10babb', 'Score Points 157', 'Battlepass quest: Score points', 'battlepass', 'Score points', 'game_currency', 190, NULL, '2025-06-24 18:08:25', '2025-06-24 18:08:25'),
('cc871f46-624f-4501-9092-4f83d384b284', 'Eliminate Enemies 311', 'Battlepass quest: Defeat enemies', 'battlepass', 'Defeat enemies', 'game_currency', 100, NULL, '2025-06-24 18:08:25', '2025-06-24 18:08:25'),
('cca942c1-49a8-4a47-aab8-290f3bc13369', 'Use Abilities 36', 'Battlepass quest: Use abilities', 'battlepass', 'Use abilities', 'game_currency', 260, NULL, '2025-06-24 18:08:25', '2025-06-24 18:08:25'),
('cd10538a-77b5-42d0-abee-a5460705a265', 'Deal Damage 394', 'Battlepass quest: Deal damage', 'battlepass', 'Deal damage', 'game_currency', 230, NULL, '2025-06-24 18:08:25', '2025-06-24 18:08:25'),
('cd2c4856-0150-45e9-b387-ea299d37f526', 'Complete Objectives 299', 'Battlepass quest: Complete objectives', 'battlepass', 'Complete objectives', 'game_currency', 250, NULL, '2025-06-24 18:08:25', '2025-06-24 18:08:25'),
('cd5f31f3-cb0d-4f34-a620-7a36d363b91a', 'Damage Lord', 'Deal 200000 total damage this month', 'monthly', 'Deal damage', 'game_currency', 2100, NULL, '2025-06-24 18:08:25', '2025-06-24 18:08:25'),
('ce27b0e4-290d-49b9-8fb8-679040dfbe28', 'Collect Items 263', 'Battlepass quest: Collect items', 'battlepass', 'Collect items', 'game_currency', 275, NULL, '2025-06-24 18:08:25', '2025-06-24 18:08:25'),
('ce287ed5-fe8b-463a-ab1d-2be2a2af2cd5', 'Survival King', 'Survive 300 minutes total this month', 'monthly', 'Survive time', 'game_currency', 1600, NULL, '2025-06-24 18:08:25', '2025-06-24 18:08:25'),
('ce44dbe3-1dc2-4938-b15d-747eeea23ca1', 'Complete Objectives 139', 'Battlepass quest: Complete objectives', 'battlepass', 'Complete objectives', 'game_currency', 250, NULL, '2025-06-24 18:08:25', '2025-06-24 18:08:25'),
('cf1a2594-1ac9-4c6b-9cd8-ce2b4c656457', 'Complete Objectives 259', 'Battlepass quest: Complete objectives', 'battlepass', 'Complete objectives', 'game_currency', 250, NULL, '2025-06-24 18:08:25', '2025-06-24 18:08:25'),
('cf7bdb2e-c70c-4639-a2f6-249dc6a2ed29', 'Complete Objectives 239', 'Battlepass quest: Complete objectives', 'battlepass', 'Complete objectives', 'game_currency', 300, NULL, '2025-06-24 18:08:25', '2025-06-24 18:08:25'),
('d06c2284-c6c1-46ee-b109-34c11fa35d73', 'Deal Damage 4', 'Battlepass quest: Deal damage', 'battlepass', 'Deal damage', 'game_currency', 280, NULL, '2025-06-24 18:08:25', '2025-06-24 18:08:25'),
('d0f57292-7779-46ff-84e5-7bd100dec05c', 'Ultimate Collector', 'Collect 500 items this month', 'monthly', 'Collect items', 'game_currency', 1500, NULL, '2025-06-24 18:08:25', '2025-06-24 18:08:25'),
('d155beda-1442-4657-9375-69a887afcdcf', 'Score Points 67', 'Battlepass quest: Score points', 'battlepass', 'Score points', 'game_currency', 190, NULL, '2025-06-24 18:08:25', '2025-06-24 18:08:25'),
('d276a600-4eff-4598-8216-aa2844affd8b', 'Score Points 207', 'Battlepass quest: Score points', 'battlepass', 'Score points', 'game_currency', 190, NULL, '2025-06-24 18:08:25', '2025-06-24 18:08:25'),
('d2bb7ef5-3154-4cf9-9472-314a427b4120', 'Survive Time 365', 'Battlepass quest: Survive time', 'battlepass', 'Survive time', 'game_currency', 120, NULL, '2025-06-24 18:08:25', '2025-06-24 18:08:25'),
('d2bd1bf0-8933-4961-9b04-36c39d502b79', 'Deal Damage 134', 'Battlepass quest: Deal damage', 'battlepass', 'Deal damage', 'game_currency', 180, NULL, '2025-06-24 18:08:25', '2025-06-24 18:08:25'),
('d3038506-8b2e-4e87-a604-53532d007b88', 'Play Matches 118', 'Battlepass quest: Play matches', 'battlepass', 'Play matches', 'game_currency', 120, NULL, '2025-06-24 18:08:25', '2025-06-24 18:08:25'),
('d31211ee-2db1-4e07-9de7-ad72b97162ce', 'Deal Damage 354', 'Battlepass quest: Deal damage', 'battlepass', 'Deal damage', 'game_currency', 80, NULL, '2025-06-24 18:08:25', '2025-06-24 18:08:25'),
('d399b503-4f34-4f59-82d9-5346582a60c8', 'Complete Objectives 149', 'Battlepass quest: Complete objectives', 'battlepass', 'Complete objectives', 'game_currency', 150, NULL, '2025-06-24 18:08:25', '2025-06-24 18:08:25'),
('d3ab3bc5-7746-4c68-83a8-369432d992c7', 'Complete Objectives 229', 'Battlepass quest: Complete objectives', 'battlepass', 'Complete objectives', 'game_currency', 200, NULL, '2025-06-24 18:08:25', '2025-06-24 18:08:25'),
('d62cc117-c247-408b-9d77-63adcd78a021', 'Play 3 Matches', 'Complete 3 matches today', 'daily', 'Complete matches', 'game_currency', 100, NULL, '2025-06-24 18:08:25', '2025-06-24 18:08:25'),
('d6feeb5b-454a-46a1-8912-4861255a80f3', 'Play Matches 188', 'Battlepass quest: Play matches', 'battlepass', 'Play matches', 'game_currency', 120, NULL, '2025-06-24 18:08:25', '2025-06-24 18:08:25'),
('d7429c50-c2ef-4b12-bb16-57cf76f4a44c', 'Survive 5 Minutes', 'Survive for 5 minutes in survival mode', 'daily', 'Survive time', 'game_currency', 100, NULL, '2025-06-24 18:08:25', '2025-06-24 18:08:25'),
('d752bc66-2863-43a2-93d8-aa7ef06bd980', 'Gain Experience 110', 'Battlepass quest: Gain XP', 'battlepass', 'Gain XP', 'game_currency', 285, NULL, '2025-06-24 18:08:25', '2025-06-24 18:08:25'),
('d769091e-9cf1-4ab2-aafb-c51c86b94eec', 'Play Matches 368', 'Battlepass quest: Play matches', 'battlepass', 'Play matches', 'game_currency', 120, NULL, '2025-06-24 18:08:25', '2025-06-24 18:08:25'),
('d90679ef-276e-4011-920c-59457dec9356', 'Survive Time 295', 'Battlepass quest: Survive time', 'battlepass', 'Survive time', 'game_currency', 220, NULL, '2025-06-24 18:08:25', '2025-06-24 18:08:25'),
('da96b113-c2f3-4659-a56b-bbe9d856a441', 'Play Matches 18', 'Battlepass quest: Play matches', 'battlepass', 'Play matches', 'game_currency', 270, NULL, '2025-06-24 18:08:25', '2025-06-24 18:08:25'),
('db1e7e34-3712-45bc-916a-6d83953c963c', 'Play Matches 268', 'Battlepass quest: Play matches', 'battlepass', 'Play matches', 'game_currency', 270, NULL, '2025-06-24 18:08:25', '2025-06-24 18:08:25'),
('dc7214c1-a580-4102-9d46-a215af01c04e', 'Eliminate Enemies 281', 'Battlepass quest: Defeat enemies', 'battlepass', 'Defeat enemies', 'game_currency', 250, NULL, '2025-06-24 18:08:25', '2025-06-24 18:08:25'),
('dda3ecea-bf7c-434d-82a2-19bd2d837b27', 'Survive Time 185', 'Battlepass quest: Survive time', 'battlepass', 'Survive time', 'game_currency', 270, NULL, '2025-06-24 18:08:25', '2025-06-24 18:08:25'),
('de776b66-aae6-40d5-8b53-c266c0936ccd', 'Use Abilities 96', 'Battlepass quest: Use abilities', 'battlepass', 'Use abilities', 'game_currency', 110, NULL, '2025-06-24 18:08:25', '2025-06-24 18:08:25'),
('def84321-542e-41b7-8d1f-666ef9833dba', 'Eliminate Enemies 271', 'Battlepass quest: Defeat enemies', 'battlepass', 'Defeat enemies', 'game_currency', 150, NULL, '2025-06-24 18:08:25', '2025-06-24 18:08:25'),
('df02e178-1d30-4c54-a7ae-a4154b71d322', 'Complete Objectives 379', 'Battlepass quest: Complete objectives', 'battlepass', 'Complete objectives', 'game_currency', 300, NULL, '2025-06-24 18:08:25', '2025-06-24 18:08:25'),
('df7087dd-1b39-4f60-bc40-79a73749d425', 'Use Abilities 286', 'Battlepass quest: Use abilities', 'battlepass', 'Use abilities', 'game_currency', 160, NULL, '2025-06-24 18:08:25', '2025-06-24 18:08:25'),
('e05a6b9b-6642-4060-9496-0cc7ca008747', 'Win Matches 332', 'Battlepass quest: Win matches', 'battlepass', 'Win matches', 'game_currency', 100, NULL, '2025-06-24 18:08:25', '2025-06-24 18:08:25'),
('e09919da-d578-4530-aad5-2e50a941068a', 'Win Matches 142', 'Battlepass quest: Win matches', 'battlepass', 'Win matches', 'game_currency', 300, NULL, '2025-06-24 18:08:25', '2025-06-24 18:08:25'),
('e1662d73-9423-4b1d-9c20-0a5f0ac5b1e1', 'Complete Objectives 69', 'Battlepass quest: Complete objectives', 'battlepass', 'Complete objectives', 'game_currency', 150, NULL, '2025-06-24 18:08:25', '2025-06-24 18:08:25'),
('e1be3cc6-1c70-47c7-9fa2-c54b3a6a73a0', 'Eliminate Enemies 191', 'Battlepass quest: Defeat enemies', 'battlepass', 'Defeat enemies', 'game_currency', 150, NULL, '2025-06-24 18:08:25', '2025-06-24 18:08:25'),
('e21df397-5f64-4eef-9535-e4f0e2c85280', 'Use Abilities 16', 'Battlepass quest: Use abilities', 'battlepass', 'Use abilities', 'game_currency', 60, NULL, '2025-06-24 18:08:25', '2025-06-24 18:08:25'),
('e37776aa-e7f8-400c-8d98-73b52b0e2e47', 'Score Points 357', 'Battlepass quest: Score points', 'battlepass', 'Score points', 'game_currency', 290, NULL, '2025-06-24 18:08:25', '2025-06-24 18:08:25'),
('e44fb681-1361-4831-8ed6-e742f9618a67', 'Win Matches 242', 'Battlepass quest: Win matches', 'battlepass', 'Win matches', 'game_currency', 200, NULL, '2025-06-24 18:08:25', '2025-06-24 18:08:25'),
('e44fe324-15c9-4014-8bc4-2cff493a0c8a', 'Collect Items 53', 'Battlepass quest: Collect items', 'battlepass', 'Collect items', 'game_currency', 225, NULL, '2025-06-24 18:08:25', '2025-06-24 18:08:25'),
('e4d0be01-af41-4d3c-aa7c-7f1ed3e37072', 'Survive Time 285', 'Battlepass quest: Survive time', 'battlepass', 'Survive time', 'game_currency', 120, NULL, '2025-06-24 18:08:25', '2025-06-24 18:08:25'),
('e6fe3efe-a5f2-41e5-a8e9-e548036ba8cf', 'Score Points 127', 'Battlepass quest: Score points', 'battlepass', 'Score points', 'game_currency', 90, NULL, '2025-06-24 18:08:25', '2025-06-24 18:08:25'),
('e726bd46-aff2-4348-ad18-442cc30957a7', 'Deal Damage 234', 'Battlepass quest: Deal damage', 'battlepass', 'Deal damage', 'game_currency', 230, NULL, '2025-06-24 18:08:25', '2025-06-24 18:08:25'),
('e8086133-3925-43ee-abaa-c8755116b288', 'Monthly Dedication', 'Login 30 days this month', 'monthly', 'Login days', 'game_currency', 1200, NULL, '2025-06-24 18:08:25', '2025-06-24 18:08:25'),
('e8eab637-44d5-4aa6-b47c-7a72a4966849', 'Deal Damage 114', 'Battlepass quest: Deal damage', 'battlepass', 'Deal damage', 'game_currency', 280, NULL, '2025-06-24 18:08:25', '2025-06-24 18:08:25'),
('e94f2ed7-a0cb-41bf-9a21-2de74066418b', 'Play Matches 48', 'Battlepass quest: Play matches', 'battlepass', 'Play matches', 'game_currency', 320, NULL, '2025-06-24 18:08:25', '2025-06-24 18:08:25'),
('e9f29fd2-2700-4707-9e52-236cef33a557', 'Eliminate Enemies 291', 'Battlepass quest: Defeat enemies', 'battlepass', 'Defeat enemies', 'game_currency', 100, NULL, '2025-06-24 18:08:25', '2025-06-24 18:08:25'),
('ea0f7357-049a-4f38-bfb1-4073533e753e', 'Gain Experience 390', 'Battlepass quest: Gain XP', 'battlepass', 'Gain XP', 'game_currency', 285, NULL, '2025-06-24 18:08:25', '2025-06-24 18:08:25'),
('ea5acb2b-1481-4aa9-99a6-1d71db1083c2', 'Eliminate Enemies 61', 'Battlepass quest: Defeat enemies', 'battlepass', 'Defeat enemies', 'game_currency', 100, NULL, '2025-06-24 18:08:25', '2025-06-24 18:08:25'),
('ea604d55-fcbb-4e58-8321-a6847f41bc81', 'Deal Damage 174', 'Battlepass quest: Deal damage', 'battlepass', 'Deal damage', 'game_currency', 80, NULL, '2025-06-24 18:08:25', '2025-06-24 18:08:25'),
('eb190c4d-b493-4952-9e00-c136763bd41e', 'Win Matches 162', 'Battlepass quest: Win matches', 'battlepass', 'Win matches', 'game_currency', 200, NULL, '2025-06-24 18:08:25', '2025-06-24 18:08:25'),
('eb8b5faf-9d4e-4294-a956-acc6308e6761', 'Marathon Runner', 'Play 100 matches this month', 'monthly', 'Play matches', 'game_currency', 2200, NULL, '2025-06-24 18:08:25', '2025-06-24 18:08:25'),
('ec19cb55-9d41-494e-9587-5816e269d56f', 'Survive Time 85', 'Battlepass quest: Survive time', 'battlepass', 'Survive time', 'game_currency', 120, NULL, '2025-06-24 18:08:25', '2025-06-24 18:08:25'),
('ec47a3a1-8bd8-4b3a-95d4-7434c70d9901', 'Deal Damage 324', 'Battlepass quest: Deal damage', 'battlepass', 'Deal damage', 'game_currency', 180, NULL, '2025-06-24 18:08:25', '2025-06-24 18:08:25'),
('ec4fb44f-bbe4-4124-8f8a-dd43d71636c2', 'Deal Damage 94', 'Battlepass quest: Deal damage', 'battlepass', 'Deal damage', 'game_currency', 180, NULL, '2025-06-24 18:08:25', '2025-06-24 18:08:25'),
('ec889a5f-c29c-4151-82cc-40e83b166ca5', 'Deal Damage 154', 'Battlepass quest: Deal damage', 'battlepass', 'Deal damage', 'game_currency', 230, NULL, '2025-06-24 18:08:25', '2025-06-24 18:08:25'),
('ece731cf-e89b-4493-a7cb-b1758756844a', 'Win Matches 42', 'Battlepass quest: Win matches', 'battlepass', 'Win matches', 'game_currency', 100, NULL, '2025-06-24 18:08:25', '2025-06-24 18:08:25'),
('ee1572f4-8913-481d-a5de-445ff58a4e67', 'Eliminate Enemies 301', 'Battlepass quest: Defeat enemies', 'battlepass', 'Defeat enemies', 'game_currency', 50, NULL, '2025-06-24 18:08:25', '2025-06-24 18:08:25'),
('ee716e1c-e0d2-490c-8a1e-05b2d5d9ced1', 'Collect Items 313', 'Battlepass quest: Collect items', 'battlepass', 'Collect items', 'game_currency', 75, NULL, '2025-06-24 18:08:25', '2025-06-24 18:08:25'),
('ee7b8162-6010-4ef2-9127-079933c900cf', 'Use Abilities 276', 'Battlepass quest: Use abilities', 'battlepass', 'Use abilities', 'game_currency', 160, NULL, '2025-06-24 18:08:25', '2025-06-24 18:08:25'),
('ee8214a6-5082-4909-a908-99eead668698', 'Deal Damage 64', 'Battlepass quest: Deal damage', 'battlepass', 'Deal damage', 'game_currency', 130, NULL, '2025-06-24 18:08:25', '2025-06-24 18:08:25'),
('eee38c4b-e796-4491-b2a6-5ae095e83efa', 'Gain Experience 130', 'Battlepass quest: Gain XP', 'battlepass', 'Gain XP', 'game_currency', 85, NULL, '2025-06-24 18:08:25', '2025-06-24 18:08:25'),
('ef01bd57-b77f-40a1-adf4-b6f38865d772', 'Use Abilities 376', 'Battlepass quest: Use abilities', 'battlepass', 'Use abilities', 'game_currency', 160, NULL, '2025-06-24 18:08:25', '2025-06-24 18:08:25'),
('ef095e6e-357d-44fb-ae3e-51da087c229f', 'Collect Items 233', 'Battlepass quest: Collect items', 'battlepass', 'Collect items', 'game_currency', 225, NULL, '2025-06-24 18:08:25', '2025-06-24 18:08:25'),
('efbca584-cb73-47ac-b414-640c06441a84', 'Score Points 307', 'Battlepass quest: Score points', 'battlepass', 'Score points', 'game_currency', 140, NULL, '2025-06-24 18:08:25', '2025-06-24 18:08:25'),
('f00062e0-4484-4f9e-ae4d-dcdfa9bc7bd6', 'Use Abilities 136', 'Battlepass quest: Use abilities', 'battlepass', 'Use abilities', 'game_currency', 260, NULL, '2025-06-24 18:08:25', '2025-06-24 18:08:25'),
('f068be45-3aab-47e3-be87-78a4bb01c42a', 'Play Matches 218', 'Battlepass quest: Play matches', 'battlepass', 'Play matches', 'game_currency', 120, NULL, '2025-06-24 18:08:25', '2025-06-24 18:08:25'),
('f1aa6eb3-b030-4542-abf8-d9c21d731052', 'Win Matches 262', 'Battlepass quest: Win matches', 'battlepass', 'Win matches', 'game_currency', 400, NULL, '2025-06-24 18:08:25', '2025-06-24 18:08:25'),
('f210a77e-dc3c-4dd7-8dc7-5ecce4b3e6fe', 'Win Matches 152', 'Battlepass quest: Win matches', 'battlepass', 'Win matches', 'game_currency', 300, NULL, '2025-06-24 18:08:25', '2025-06-24 18:08:25'),
('f2ac802b-c300-4a51-a555-6889c3947913', 'Use Abilities 226', 'Battlepass quest: Use abilities', 'battlepass', 'Use abilities', 'game_currency', 160, NULL, '2025-06-24 18:08:25', '2025-06-24 18:08:25'),
('f2d6f661-09c4-4e1d-8ade-6050ba9daec9', 'Gain Experience 250', 'Battlepass quest: Gain XP', 'battlepass', 'Gain XP', 'game_currency', 85, NULL, '2025-06-24 18:08:25', '2025-06-24 18:08:25'),
('f3e57ae8-5810-410e-a8a6-618415b382d8', 'Complete Objectives 339', 'Battlepass quest: Complete objectives', 'battlepass', 'Complete objectives', 'game_currency', 150, NULL, '2025-06-24 18:08:25', '2025-06-24 18:08:25'),
('f433f61b-f81b-492b-ae20-449d8a74ad89', 'Complete Objectives 209', 'Battlepass quest: Complete objectives', 'battlepass', 'Complete objectives', 'game_currency', 300, NULL, '2025-06-24 18:08:25', '2025-06-24 18:08:25'),
('f4525f1e-429d-4eb1-9380-cee755a0824a', 'Win Matches 252', 'Battlepass quest: Win matches', 'battlepass', 'Win matches', 'game_currency', 100, NULL, '2025-06-24 18:08:25', '2025-06-24 18:08:25'),
('f6408b76-6de4-4a00-8713-340619ff8d9c', 'Play Matches 378', 'Battlepass quest: Play matches', 'battlepass', 'Play matches', 'game_currency', 320, NULL, '2025-06-24 18:08:25', '2025-06-24 18:08:25'),
('f648a63a-8952-4e61-8a41-d5e7ce72c5ec', 'Eliminate Enemies 151', 'Battlepass quest: Defeat enemies', 'battlepass', 'Defeat enemies', 'game_currency', 200, NULL, '2025-06-24 18:08:25', '2025-06-24 18:08:25'),
('f649c0c9-9b7b-45e4-8655-96d10e49b9ef', 'Use Abilities 6', 'Battlepass quest: Use abilities', 'battlepass', 'Use abilities', 'game_currency', 60, NULL, '2025-06-24 18:08:25', '2025-06-24 18:08:25'),
('f72abed9-a675-4224-a17d-7d6a78e56a6a', 'Complete Objectives 319', 'Battlepass quest: Complete objectives', 'battlepass', 'Complete objectives', 'game_currency', 250, NULL, '2025-06-24 18:08:25', '2025-06-24 18:08:25'),
('f927bcac-3ebf-4fea-9336-becdb351acac', 'Survive Time 55', 'Battlepass quest: Survive time', 'battlepass', 'Survive time', 'game_currency', 220, NULL, '2025-06-24 18:08:25', '2025-06-24 18:08:25'),
('fa756d94-4394-425c-bf2b-1e9b886a93da', 'Deal Damage 334', 'Battlepass quest: Deal damage', 'battlepass', 'Deal damage', 'game_currency', 230, NULL, '2025-06-24 18:08:25', '2025-06-24 18:08:25'),
('faf65644-447b-4151-af21-9d1bced202f6', 'Deal Damage 44', 'Battlepass quest: Deal damage', 'battlepass', 'Deal damage', 'game_currency', 280, NULL, '2025-06-24 18:08:25', '2025-06-24 18:08:25'),
('fb083ee2-b77d-4351-a1ed-c89e474d031b', 'Collect Items 183', 'Battlepass quest: Collect items', 'battlepass', 'Collect items', 'game_currency', 175, NULL, '2025-06-24 18:08:25', '2025-06-24 18:08:25'),
('fb8952cc-667d-4721-a166-8c1f0b6cbe51', 'Eliminate Enemies 101', 'Battlepass quest: Defeat enemies', 'battlepass', 'Defeat enemies', 'game_currency', 150, NULL, '2025-06-24 18:08:25', '2025-06-24 18:08:25'),
('fdbeacbc-a9e3-489f-8660-ecd1fdd7f9f6', 'Deal Damage 374', 'Battlepass quest: Deal damage', 'battlepass', 'Deal damage', 'game_currency', 180, NULL, '2025-06-24 18:08:25', '2025-06-24 18:08:25'),
('fe5c3c2f-8a39-4c7d-ba2a-d4ca08b9bdec', 'Play Matches 308', 'Battlepass quest: Play matches', 'battlepass', 'Play matches', 'game_currency', 270, NULL, '2025-06-24 18:08:25', '2025-06-24 18:08:25'),
('fe8931cf-606c-4e6f-845d-9311878b894f', 'Score Legend', 'Score 250000 points total this month', 'monthly', 'Score points', 'game_currency', 1900, NULL, '2025-06-24 18:08:25', '2025-06-24 18:08:25'),
('fee672bb-f2b0-4a61-89b7-50b3c3be49f2', 'Deal Damage 224', 'Battlepass quest: Deal damage', 'battlepass', 'Deal damage', 'game_currency', 280, NULL, '2025-06-24 18:08:25', '2025-06-24 18:08:25'),
('ff8dfa76-0cfb-476b-9fa0-c6008428dfda', 'Play Matches 358', 'Battlepass quest: Play matches', 'battlepass', 'Play matches', 'game_currency', 220, NULL, '2025-06-24 18:08:25', '2025-06-24 18:08:25');

-- --------------------------------------------------------

--
-- Table structure for table `roles`
--

CREATE TABLE `roles` (
  `id` char(36) CHARACTER SET utf8mb4 COLLATE utf8mb4_bin NOT NULL,
  `name` varchar(255) NOT NULL,
  `createdAt` datetime NOT NULL,
  `updatedAt` datetime NOT NULL
) ENGINE=InnoDB DEFAULT CHARSET=utf8mb4;

--
-- Dumping data for table `roles`
--

INSERT INTO `roles` (`id`, `name`, `createdAt`, `updatedAt`) VALUES
('c0af2f6d-4217-49b2-81fd-6b3fb2dc8928', 'player', '2025-06-24 18:08:13', '2025-06-24 18:08:13'),
('f60d246a-5fb3-45c0-858f-2ae8d85ad5f8', 'admin', '2025-06-24 18:08:13', '2025-06-24 18:08:13');

-- --------------------------------------------------------

--
-- Table structure for table `shops`
--

CREATE TABLE `shops` (
  `id` char(36) CHARACTER SET utf8mb4 COLLATE utf8mb4_bin NOT NULL,
  `name` varchar(255) NOT NULL,
  `description` text DEFAULT NULL,
  `shop_type` enum('general','equipment','consumable','material') NOT NULL,
  `createdAt` datetime NOT NULL,
  `updatedAt` datetime NOT NULL
) ENGINE=InnoDB DEFAULT CHARSET=utf8mb4;

--
-- Dumping data for table `shops`
--

INSERT INTO `shops` (`id`, `name`, `description`, `shop_type`, `createdAt`, `updatedAt`) VALUES
('6ab1f8e0-2af3-4683-a123-9f5301794afb', 'Weapon & Armor Shop', 'The finest equipment for warriors', 'equipment', '2025-06-24 18:08:25', '2025-06-24 18:08:25'),
('a9c726b8-9698-42fc-bc18-4321fc20ae34', 'Material Trader', 'Raw materials and crafting supplies', 'material', '2025-06-24 18:08:25', '2025-06-24 18:08:25'),
('bcabb8dc-5dcb-4ea2-8e5a-bc3f13221d76', 'Potion Shop', 'Magical brews and healing potions', 'consumable', '2025-06-24 18:08:25', '2025-06-24 18:08:25'),
('d57b3bd0-42af-44b3-9692-e44ffbf942d5', 'General Store', 'Your one-stop shop for all adventuring needs', 'general', '2025-06-24 18:08:25', '2025-06-24 18:08:25');

-- --------------------------------------------------------

--
-- Table structure for table `shop_items`
--

CREATE TABLE `shop_items` (
  `id` char(36) CHARACTER SET utf8mb4 COLLATE utf8mb4_bin NOT NULL,
  `shop_id` char(36) CHARACTER SET utf8mb4 COLLATE utf8mb4_bin NOT NULL,
  `item_id` char(36) CHARACTER SET utf8mb4 COLLATE utf8mb4_bin NOT NULL,
  `price` int(11) NOT NULL DEFAULT 0,
  `stock` int(11) NOT NULL DEFAULT 0,
  `createdAt` datetime NOT NULL,
  `updatedAt` datetime NOT NULL
) ENGINE=InnoDB DEFAULT CHARSET=utf8mb4;

--
-- Dumping data for table `shop_items`
--

INSERT INTO `shop_items` (`id`, `shop_id`, `item_id`, `price`, `stock`, `createdAt`, `updatedAt`) VALUES
('0c7725c0-dfd2-4a5d-842c-2895ded65da5', '6ab1f8e0-2af3-4683-a123-9f5301794afb', '90a426c4-9011-4e42-8d01-aae674dc6dcc', 87, 36, '2025-06-24 18:08:25', '2025-06-24 18:08:25'),
('0c943196-b18b-4f0a-930e-a4f1fb443f29', '6ab1f8e0-2af3-4683-a123-9f5301794afb', '35112f14-3264-46b1-9dd2-a246d4fbfeb7', 109, 76, '2025-06-24 18:08:25', '2025-06-24 18:08:25'),
('1557f05f-b077-41ed-9608-a670709c6a6c', 'bcabb8dc-5dcb-4ea2-8e5a-bc3f13221d76', '989207e7-d835-4663-a601-6d870aed5d50', 48, 44, '2025-06-24 18:08:25', '2025-06-24 18:08:25'),
('19c55b3e-3ee9-4fdd-8e61-c50d7ab6df1a', 'd57b3bd0-42af-44b3-9692-e44ffbf942d5', '989207e7-d835-4663-a601-6d870aed5d50', 62, 58, '2025-06-24 18:08:25', '2025-06-24 18:08:25'),
('1f3d1002-f27c-4a72-8458-2b4a862b3dd9', 'd57b3bd0-42af-44b3-9692-e44ffbf942d5', 'b129b01e-a811-452c-b323-c3dcc0ad97a7', 31, 11, '2025-06-24 18:08:25', '2025-06-24 18:08:25'),
('290d15ba-7e91-42d1-a0d6-07c360798429', 'a9c726b8-9698-42fc-bc18-4321fc20ae34', 'd5871077-d151-4222-aed2-c06174c07e47', 71, 39, '2025-06-24 18:08:25', '2025-06-24 18:08:25'),
('31f24164-e45f-4b11-aa6d-fd387fd3e8a3', 'bcabb8dc-5dcb-4ea2-8e5a-bc3f13221d76', '8b72f90c-31ec-4aae-b885-f0fdfb449fcf', 32, 44, '2025-06-24 18:08:25', '2025-06-24 18:08:25'),
('347a46d4-f62c-46b7-8110-1bb97e3585e9', '6ab1f8e0-2af3-4683-a123-9f5301794afb', 'd4ddab33-0e4a-4e56-a797-16c56477d24a', 120, 24, '2025-06-24 18:08:25', '2025-06-24 18:08:25'),
('38209121-d2e4-4c0c-bd5f-e266b1392370', '6ab1f8e0-2af3-4683-a123-9f5301794afb', 'a08831f1-c39b-479d-ad6c-f61747cff3e1', 72, 29, '2025-06-24 18:08:25', '2025-06-24 18:08:25'),
('3bb0c207-8940-478d-b91b-6ae9f01e19d5', 'a9c726b8-9698-42fc-bc18-4321fc20ae34', 'dea8ad4c-8c0f-4fa6-a8ed-a9543e1dd7c7', 90, 48, '2025-06-24 18:08:25', '2025-06-24 18:08:25'),
('5c95e617-1735-48ac-8751-0661e4491b32', '6ab1f8e0-2af3-4683-a123-9f5301794afb', '509f91ae-631c-4244-8418-d575eb7b84f6', 246, 80, '2025-06-24 18:08:25', '2025-06-24 18:08:25'),
('68441605-ca09-4802-acf6-1e6bbae249ed', 'd57b3bd0-42af-44b3-9692-e44ffbf942d5', '20248b46-e00f-4eda-a697-631859191d7c', 17, 15, '2025-06-24 18:08:25', '2025-06-24 18:08:25'),
('6ac27b8b-bd5f-45cb-b358-4c3d8970392b', 'bcabb8dc-5dcb-4ea2-8e5a-bc3f13221d76', '45b55a35-6c88-4057-9740-bbde1877bd36', 27, 55, '2025-06-24 18:08:25', '2025-06-24 18:08:25'),
('8840003f-43f0-42b4-a738-2bdb5b827aff', 'bcabb8dc-5dcb-4ea2-8e5a-bc3f13221d76', 'e5d15d3b-5224-4e0b-9ca6-d8ff8a1ab868', 101, 94, '2025-06-24 18:08:25', '2025-06-24 18:08:25'),
('888dca28-f22d-482f-bbcb-7c22123576d9', 'd57b3bd0-42af-44b3-9692-e44ffbf942d5', '06409fe6-739c-4fe2-9eb4-7fd6194cef67', 29, 57, '2025-06-24 18:08:25', '2025-06-24 18:08:25'),
('8ac32368-af89-4866-b759-d8f90f6d6cde', 'd57b3bd0-42af-44b3-9692-e44ffbf942d5', 'a08831f1-c39b-479d-ad6c-f61747cff3e1', 86, 48, '2025-06-24 18:08:25', '2025-06-24 18:08:25'),
('8b097816-6b14-416b-9e35-4e417de0c6dc', 'a9c726b8-9698-42fc-bc18-4321fc20ae34', '6e2f4d15-2cf3-427a-8927-7e9805ba112b', 8, 51, '2025-06-24 18:08:25', '2025-06-24 18:08:25'),
('8cc736a9-e7d5-4c06-af30-aac8d7106817', 'bcabb8dc-5dcb-4ea2-8e5a-bc3f13221d76', '06409fe6-739c-4fe2-9eb4-7fd6194cef67', 26, 92, '2025-06-24 18:08:25', '2025-06-24 18:08:25'),
('8d8937a3-bd48-4a41-a6e9-2fb54346e308', 'a9c726b8-9698-42fc-bc18-4321fc20ae34', '9af24ca1-8673-49c8-9190-da2bea42ebb2', 22, 44, '2025-06-24 18:08:25', '2025-06-24 18:08:25'),
('9081e762-d545-45ca-976d-66418c3ecd54', 'a9c726b8-9698-42fc-bc18-4321fc20ae34', 'cd870542-9d0a-4dd9-8ed7-f2a9aaa40742', 16, 52, '2025-06-24 18:08:25', '2025-06-24 18:08:25'),
('92edae21-5d32-4f2a-b743-bbb743edb759', 'd57b3bd0-42af-44b3-9692-e44ffbf942d5', '509f91ae-631c-4244-8418-d575eb7b84f6', 320, 35, '2025-06-24 18:08:25', '2025-06-24 18:08:25'),
('95d2de4c-e0fd-4df8-b9a2-0bddf6a3076c', '6ab1f8e0-2af3-4683-a123-9f5301794afb', 'cfb9fa1b-b3db-4679-b8ae-a283116b55f2', 148, 54, '2025-06-24 18:08:25', '2025-06-24 18:08:25'),
('99c4ef95-090d-4919-a9f7-1222c1c4c654', 'd57b3bd0-42af-44b3-9692-e44ffbf942d5', '35112f14-3264-46b1-9dd2-a246d4fbfeb7', 127, 24, '2025-06-24 18:08:25', '2025-06-24 18:08:25'),
('9cb5b7d5-587f-48bb-83b9-ba7843d87037', 'bcabb8dc-5dcb-4ea2-8e5a-bc3f13221d76', '63883bfa-bd55-4141-ab96-41ffd44dc65e', 21, 22, '2025-06-24 18:08:25', '2025-06-24 18:08:25'),
('ab73d4c4-16d2-4c84-8d7a-b3fc232c0606', 'd57b3bd0-42af-44b3-9692-e44ffbf942d5', '079a2251-e5de-4694-8b19-4c64b8d07fe9', 13, 45, '2025-06-24 18:08:25', '2025-06-24 18:08:25'),
('b2c0b03d-bbea-427b-ba4f-38f2651357bf', 'bcabb8dc-5dcb-4ea2-8e5a-bc3f13221d76', 'dffafb68-112d-4cff-962b-151392bf6445', 33, 86, '2025-06-24 18:08:25', '2025-06-24 18:08:25'),
('b689efd7-a16c-452f-8072-fbe829783302', 'a9c726b8-9698-42fc-bc18-4321fc20ae34', 'd6f37225-58ec-44d2-a3f3-e18f1c1e9dfc', 30, 36, '2025-06-24 18:08:25', '2025-06-24 18:08:25'),
('cc0d8c97-7120-4eab-9c0a-5ea20860ea07', 'bcabb8dc-5dcb-4ea2-8e5a-bc3f13221d76', '20248b46-e00f-4eda-a697-631859191d7c', 15, 55, '2025-06-24 18:08:25', '2025-06-24 18:08:25'),
('cd024382-223b-470e-bd7c-85781d1bedab', 'd57b3bd0-42af-44b3-9692-e44ffbf942d5', 'b8536857-cf9c-4d1e-a15f-3ce92a91af00', 164, 38, '2025-06-24 18:08:25', '2025-06-24 18:08:25'),
('d2f3b5fc-b4b0-43b7-a8c5-7e423f4c5b5f', 'bcabb8dc-5dcb-4ea2-8e5a-bc3f13221d76', 'b129b01e-a811-452c-b323-c3dcc0ad97a7', 27, 42, '2025-06-24 18:08:25', '2025-06-24 18:08:25'),
('d4f73343-4d47-401a-94ed-b9e6caea6164', 'd57b3bd0-42af-44b3-9692-e44ffbf942d5', '675e2694-b940-4d11-a47a-112e30294c35', 234, 12, '2025-06-24 18:08:25', '2025-06-24 18:08:25'),
('d90db726-06d2-489d-9dfd-e5061c082633', '6ab1f8e0-2af3-4683-a123-9f5301794afb', 'f9f4c41b-d474-4c1e-8416-150c00f73fec', 118, 32, '2025-06-24 18:08:25', '2025-06-24 18:08:25'),
('da6f9f9e-19d8-40c1-b486-802cb95dbb78', 'd57b3bd0-42af-44b3-9692-e44ffbf942d5', 'd5871077-d151-4222-aed2-c06174c07e47', 93, 11, '2025-06-24 18:08:25', '2025-06-24 18:08:25'),
('e042b86f-e5e4-4501-a5a8-c6507f0cda41', 'bcabb8dc-5dcb-4ea2-8e5a-bc3f13221d76', 'e81ed67d-2c1f-42f2-9521-c93357f31866', 37, 24, '2025-06-24 18:08:25', '2025-06-24 18:08:25'),
('e60af283-6a43-4c5c-9760-9c999a7cb4b6', 'd57b3bd0-42af-44b3-9692-e44ffbf942d5', '6e2f4d15-2cf3-427a-8927-7e9805ba112b', 8, 18, '2025-06-24 18:08:25', '2025-06-24 18:08:25'),
('e908ef52-4bea-424b-ad0f-4b39cb51e20c', '6ab1f8e0-2af3-4683-a123-9f5301794afb', '675e2694-b940-4d11-a47a-112e30294c35', 196, 42, '2025-06-24 18:08:25', '2025-06-24 18:08:25'),
('e9f2b778-d76f-412e-9524-c27f617f476a', 'a9c726b8-9698-42fc-bc18-4321fc20ae34', 'caf2eefd-badc-4100-9267-5d3c5bee764d', 13, 106, '2025-06-24 18:08:25', '2025-06-24 18:08:25'),
('edf46aa7-e769-46b6-a0f9-f4b7adceb9c4', 'a9c726b8-9698-42fc-bc18-4321fc20ae34', '079a2251-e5de-4694-8b19-4c64b8d07fe9', 9, 99, '2025-06-24 18:08:25', '2025-06-24 18:08:25'),
('f05a4d91-8005-4d8a-b970-cabaa521fdf7', 'd57b3bd0-42af-44b3-9692-e44ffbf942d5', 'caf2eefd-badc-4100-9267-5d3c5bee764d', 13, 22, '2025-06-24 18:08:25', '2025-06-24 18:08:25'),
('f0f866a2-c787-4000-a1d9-bd56ce94f300', 'd57b3bd0-42af-44b3-9692-e44ffbf942d5', '63883bfa-bd55-4141-ab96-41ffd44dc65e', 27, 13, '2025-06-24 18:08:25', '2025-06-24 18:08:25'),
('f1a03840-24d4-4bed-8880-ab7b3e73e8ff', 'd57b3bd0-42af-44b3-9692-e44ffbf942d5', 'dea8ad4c-8c0f-4fa6-a8ed-a9543e1dd7c7', 133, 17, '2025-06-24 18:08:25', '2025-06-24 18:08:25'),
('f287944c-357e-4044-9db3-a5723ece73f3', '6ab1f8e0-2af3-4683-a123-9f5301794afb', '84e2ac45-973e-46c4-93df-2ff5d4fd1952', 74, 100, '2025-06-24 18:08:25', '2025-06-24 18:08:25'),
('f9137e43-0022-48da-8911-515c0948eb19', 'a9c726b8-9698-42fc-bc18-4321fc20ae34', '3cc87bdc-b375-4c7a-ae83-d2a6c7d8ca85', 51, 56, '2025-06-24 18:08:25', '2025-06-24 18:08:25'),
('fe421b83-604e-4fb5-b23e-84dd1839ae71', '6ab1f8e0-2af3-4683-a123-9f5301794afb', 'b8536857-cf9c-4d1e-a15f-3ce92a91af00', 109, 72, '2025-06-24 18:08:25', '2025-06-24 18:08:25'),
('ff5330fa-6eea-4c43-9a64-7eeb5acfbfe6', 'a9c726b8-9698-42fc-bc18-4321fc20ae34', 'e0f09011-c024-4bf1-8c15-e2bb85a62337', 5, 50, '2025-06-24 18:08:25', '2025-06-24 18:08:25');

-- --------------------------------------------------------

--
-- Table structure for table `transactions`
--

CREATE TABLE `transactions` (
  `id` char(36) CHARACTER SET utf8mb4 COLLATE utf8mb4_bin NOT NULL,
  `profile_id` char(36) CHARACTER SET utf8mb4 COLLATE utf8mb4_bin NOT NULL,
  `order_id` varchar(255) NOT NULL,
  `amount` int(11) NOT NULL DEFAULT 0,
  `total_price` int(11) NOT NULL DEFAULT 0,
  `status` enum('pending','completed','failed') NOT NULL DEFAULT 'pending',
  `payment_method` varchar(255) NOT NULL,
  `createdAt` datetime NOT NULL,
  `updatedAt` datetime NOT NULL
) ENGINE=InnoDB DEFAULT CHARSET=utf8mb4;

--
-- Dumping data for table `transactions`
--

INSERT INTO `transactions` (`id`, `profile_id`, `order_id`, `amount`, `total_price`, `status`, `payment_method`, `createdAt`, `updatedAt`) VALUES
('48446007-6dd8-482b-bb82-540f8373830a', 'cf09c637-8943-400f-ad26-8811cf4f746a', 'TOPUP-1750767570094-cf09c637-8943-400f-ad26-8811cf4f746a', 1500, 100000, 'completed', 'credit_card', '2025-06-24 19:19:30', '2025-06-24 19:19:30'),
('8f851148-280e-4a0b-9f2d-eea37965854b', 'cf09c637-8943-400f-ad26-8811cf4f746a', 'TOPUP-1750767539662-cf09c637-8943-400f-ad26-8811cf4f746a', 1200, 100000, 'failed', 'credit_card', '2025-06-24 19:18:59', '2025-06-24 19:18:59'),
('cfe3683f-f407-4884-bbc5-88a7a788f5f1', 'cf09c637-8943-400f-ad26-8811cf4f746a', 'TOPUP-1750767547966-cf09c637-8943-400f-ad26-8811cf4f746a', 1200, 100000, 'completed', 'credit_card', '2025-06-24 19:19:07', '2025-06-24 19:19:08');

-- --------------------------------------------------------

--
-- Table structure for table `users`
--

CREATE TABLE `users` (
  `id` char(36) CHARACTER SET utf8mb4 COLLATE utf8mb4_bin NOT NULL,
  `email` varchar(255) NOT NULL,
  `password` varchar(255) NOT NULL,
  `role_id` char(36) CHARACTER SET utf8mb4 COLLATE utf8mb4_bin NOT NULL,
  `createdAt` datetime NOT NULL,
  `updatedAt` datetime NOT NULL
) ENGINE=InnoDB DEFAULT CHARSET=utf8mb4;

--
-- Dumping data for table `users`
--

INSERT INTO `users` (`id`, `email`, `password`, `role_id`, `createdAt`, `updatedAt`) VALUES
('0459ee5f-e6ee-407c-8d1c-fef9a226ff59', 'example96@gmail.com', '$2b$10$alabfBjNVK73z1n7JEmu9ORbVfZwX8xeXrAWbI4NBgof0bruyeeem', 'c0af2f6d-4217-49b2-81fd-6b3fb2dc8928', '2025-06-24 18:08:24', '2025-06-24 18:08:24'),
('07743205-8a22-435f-835d-3c0315813b1b', 'example85@gmail.com', '$2b$10$fKkJNcMfIoA/Hho/3/cPTezQtvBoQAChuZ2QYODsuTBkmwbU1hsCq', 'c0af2f6d-4217-49b2-81fd-6b3fb2dc8928', '2025-06-24 18:08:22', '2025-06-24 18:08:22'),
('0aa68717-3294-4234-86a7-71b859471439', 'example10@gmail.com', '$2b$10$3jtiEMyQDONJrLcrLZ8Ap.al8Fwopm8cd/xhOyRyZc.Tf7Bh6YxZe', 'c0af2f6d-4217-49b2-81fd-6b3fb2dc8928', '2025-06-24 18:08:15', '2025-06-24 18:08:15'),
('1130cd0e-47cb-4343-ac5d-ca0459862358', 'example46@gmail.com', '$2b$10$ts29CISHzlPxVW/PGVTYT.88mXofKnA85HiNtLzw7Kgrj/wu4N3Ga', 'c0af2f6d-4217-49b2-81fd-6b3fb2dc8928', '2025-06-24 18:08:18', '2025-06-24 18:08:18'),
('144fb65f-63bb-4f07-9a96-b1b7ee9a8e5e', 'example90@gmail.com', '$2b$10$A2Z3fqRZo3230B0Ez4Gy7eB3PeZGy32Rol2DqbrYzQd71QDolhWQu', 'c0af2f6d-4217-49b2-81fd-6b3fb2dc8928', '2025-06-24 18:08:23', '2025-06-24 18:08:23'),
('16001293-ab65-4b09-9486-bf789a701bb5', 'example75@gmail.com', '$2b$10$X.Obai0UKaFzMY.yY8d3le8W7vNn3bB3d4lhxZLokGm7N.fW1lZ3i', 'c0af2f6d-4217-49b2-81fd-6b3fb2dc8928', '2025-06-24 18:08:21', '2025-06-24 18:08:21'),
('171b1990-19ff-4734-8649-5b96537c8050', 'example67@gmail.com', '$2b$10$9pQNU5fFtYirNNejkw06geSTkZyQ3OzGTRX6yp2Y.meQYDu6JtnFK', 'c0af2f6d-4217-49b2-81fd-6b3fb2dc8928', '2025-06-24 18:08:20', '2025-06-24 18:08:20'),
('1c1c13f8-0f0f-4627-a6f4-580a45b719d4', 'example56@gmail.com', '$2b$10$OQF6a6iIKswGOoo7RlmfuOlE/dV/i6Mz7QKLofB92NNOUlDQet4Yu', 'c0af2f6d-4217-49b2-81fd-6b3fb2dc8928', '2025-06-24 18:08:19', '2025-06-24 18:08:19'),
('2223fa54-ddbd-4e91-83f2-fbb5e8652a89', 'example12@gmail.com', '$2b$10$U2IiCTA.PtqCnxxUS0Pdoerce5Hc1qwTdjmrr9rYo69o1sKx0M8gi', 'c0af2f6d-4217-49b2-81fd-6b3fb2dc8928', '2025-06-24 18:08:15', '2025-06-24 18:08:15'),
('25a37fb5-a94f-4bb9-9d07-0c300a168cfd', 'example37@gmail.com', '$2b$10$PGCtoLD95ZYo5M1hs0tRR.KpKvT/dl35foh0PTobkwIxMx124AQjO', 'c0af2f6d-4217-49b2-81fd-6b3fb2dc8928', '2025-06-24 18:08:18', '2025-06-24 18:08:18'),
('25bb7be3-6359-4f0d-908d-82711d70bd9a', 'example15@gmail.com', '$2b$10$093wQGxedWgC9ooylP5V.OZKfDnV1gJhQDV5nyl2uqJ8CnbnG1dt2', 'c0af2f6d-4217-49b2-81fd-6b3fb2dc8928', '2025-06-24 18:08:15', '2025-06-24 18:08:15'),
('267d9332-3b07-4aad-b5b4-224d7329c308', 'example21@gmail.com', '$2b$10$4QZ8Sh8a4V3StFfkSPBPSOczK3fd9QGw3KaRZDt6ubF6wcUl39TL6', 'c0af2f6d-4217-49b2-81fd-6b3fb2dc8928', '2025-06-24 18:08:16', '2025-06-24 18:08:16'),
('26d916f0-0a02-4d5a-8a00-1b0d617c48a3', 'example39@gmail.com', '$2b$10$XjBYUPmJEcc8okZ8N/NBo.oaSvNIHXmQV5utaf7EPEwPAyt8vsdG6', 'c0af2f6d-4217-49b2-81fd-6b3fb2dc8928', '2025-06-24 18:08:18', '2025-06-24 18:08:18'),
('28c8c959-67b2-4bdf-89b7-45f3b643e6c4', 'example73@gmail.com', '$2b$10$yM/jlZWPQpCmF3Gl7mtB/uP1bFtzVrZV48W20Z7g7tXjMXpE2RgIO', 'c0af2f6d-4217-49b2-81fd-6b3fb2dc8928', '2025-06-24 18:08:21', '2025-06-24 18:08:21'),
('2b6d6e63-a116-4dcf-8cea-ef88b4cb9c40', 'example88@gmail.com', '$2b$10$6v.IooQRS7lz8NZwpqSOJeEssgHy2PntHU3vfdqCY5lmQFpdEFyVW', 'c0af2f6d-4217-49b2-81fd-6b3fb2dc8928', '2025-06-24 18:08:23', '2025-06-24 18:08:23'),
('2c229baa-fc00-4e61-9717-7bae67d9a0b5', 'example17@gmail.com', '$2b$10$NeFj9Jq8/3x9XVONo.Cw7OdRLLJWAHOGITgLTOsiexYXHlwMrD7ey', 'c0af2f6d-4217-49b2-81fd-6b3fb2dc8928', '2025-06-24 18:08:15', '2025-06-24 18:08:15'),
('2ed92cce-972b-45e8-99b4-69480f17ac3c', 'example61@gmail.com', '$2b$10$44rQuyz/rpIL1F4dD16yceWsHoG1WQKgXJd7vsC6bdMeGZ6GH3F0e', 'c0af2f6d-4217-49b2-81fd-6b3fb2dc8928', '2025-06-24 18:08:20', '2025-06-24 18:08:20'),
('35811899-28a7-41e9-b460-f83593d0ce2a', 'example42@gmail.com', '$2b$10$6xCYbpdOS5p2EWaElmTsWeSSNLvWIKTNrLNNtDYhwjYaVjZ06/AY.', 'c0af2f6d-4217-49b2-81fd-6b3fb2dc8928', '2025-06-24 18:08:18', '2025-06-24 18:08:18'),
('3585018b-8dc7-4b23-9bd3-7463e54a5b0d', 'example5@gmail.com', '$2b$10$ZpSlpOoo.Gy3SSUYRrJ/WeQ4nlyHuhSi5vHNC55o4fq4/3sFl33OG', 'c0af2f6d-4217-49b2-81fd-6b3fb2dc8928', '2025-06-24 18:08:14', '2025-06-24 18:08:14'),
('36477a17-4229-4876-9cf2-c0fbb62ddaef', 'example97@gmail.com', '$2b$10$jmoZgj2zec.H1gPU.mm5e.H/8Vxek1QQqF/NE0A.ws3W/BYVTZ4FO', 'c0af2f6d-4217-49b2-81fd-6b3fb2dc8928', '2025-06-24 18:08:24', '2025-06-24 18:08:24'),
('38a26348-75fa-413d-8cdf-365ee771a9d6', 'example6@gmail.com', '$2b$10$Ceg/ULU02gMxu5Qm/X66ue1HTJbcVCHiu6Eawb/nYWzQruKig7bQu', 'c0af2f6d-4217-49b2-81fd-6b3fb2dc8928', '2025-06-24 18:08:14', '2025-06-24 18:08:14'),
('399a65f6-aa83-4831-8146-4afc7b9f76b3', 'example59@gmail.com', '$2b$10$FuLUEmhxEJ47.GugutdHrOM3wkxvRFPyYmV2sTf804dBgU.SIFVQW', 'c0af2f6d-4217-49b2-81fd-6b3fb2dc8928', '2025-06-24 18:08:20', '2025-06-24 18:08:20'),
('3a21a218-cb55-4826-9f1f-a850278c00d8', 'example83@gmail.com', '$2b$10$PNH.xS5jt.5.zFNavuthCe3nx7jfTdMaXwreX0k9TD.e1OkbR7Kwi', 'c0af2f6d-4217-49b2-81fd-6b3fb2dc8928', '2025-06-24 18:08:22', '2025-06-24 18:08:22'),
('3f384b1b-691e-412e-8302-55b632f7332f', 'example84@gmail.com', '$2b$10$AQpBVwx0sl0cQuEaB5U5p.bLOdbYOFWzDuxlX8zqk6K8pQK4WHRn.', 'c0af2f6d-4217-49b2-81fd-6b3fb2dc8928', '2025-06-24 18:08:22', '2025-06-24 18:08:22'),
('44dd83be-b0fd-48db-b192-135a8bcefce7', 'example40@gmail.com', '$2b$10$LDc2ri2mPJO/UzMFcQZjyek6J8QMOfV1OdSf4lISJOIpFMUJyiIAC', 'c0af2f6d-4217-49b2-81fd-6b3fb2dc8928', '2025-06-24 18:08:18', '2025-06-24 18:08:18'),
('4589a495-db5e-4a44-a7be-099481e34ac7', 'example52@gmail.com', '$2b$10$J.Nu0CecU15luf6LhC6E9uOmuP.qZ26zkIoGI62w1be.1LnN.V8Ta', 'c0af2f6d-4217-49b2-81fd-6b3fb2dc8928', '2025-06-24 18:08:19', '2025-06-24 18:08:19'),
('47aa6eea-2414-4277-8fb2-fe5d2bdf45e5', 'example36@gmail.com', '$2b$10$mOiugJmLdGk7vmIzimPLd.q8EchWC1zAvr5inZ9pSk5i8JW8N52nG', 'c0af2f6d-4217-49b2-81fd-6b3fb2dc8928', '2025-06-24 18:08:17', '2025-06-24 18:08:17'),
('4e8f4fba-ca17-4453-b21e-c2dd90065b47', 'example50@gmail.com', '$2b$10$vVVAhRjTVqGFQfkJxuOQCu06o5./I1Jl6CrAz8UbzWoK9sA7FzJWu', 'c0af2f6d-4217-49b2-81fd-6b3fb2dc8928', '2025-06-24 18:08:19', '2025-06-24 18:08:19'),
('54632851-fc8b-4364-9470-93795fcc5fa3', 'example92@gmail.com', '$2b$10$pFioz05N5WC5xVBtd/HYUOgc6j.hoWAcaCWjSG2VDM5K8B/1oTHn.', 'c0af2f6d-4217-49b2-81fd-6b3fb2dc8928', '2025-06-24 18:08:23', '2025-06-24 18:08:23'),
('55522240-5f0b-4866-816d-2a073ea98b1a', 'example9@gmail.com', '$2b$10$7UH5E7SnlTDsA6Yo5qIN5OY4z7Ezh/gIo.AjeRZZxegFCtcd2jCEO', 'c0af2f6d-4217-49b2-81fd-6b3fb2dc8928', '2025-06-24 18:08:14', '2025-06-24 18:08:14'),
('568c9ea6-3f68-400c-9823-2afc73c2bdfb', 'example22@gmail.com', '$2b$10$V4AaSKIEKTp16Mt.Hriwuuu3IJedNK2Ex6Mw0hqJwEXotv810IMlO', 'c0af2f6d-4217-49b2-81fd-6b3fb2dc8928', '2025-06-24 18:08:16', '2025-06-24 18:08:16'),
('5de3712a-f726-460d-bded-f8ff9ab7859c', 'example24@gmail.com', '$2b$10$zeq9JRAVqw7jBdQmFdtZyOjjzYFh4gmgG8mEGcZ1rZqvdv2BXFZc.', 'c0af2f6d-4217-49b2-81fd-6b3fb2dc8928', '2025-06-24 18:08:16', '2025-06-24 18:08:16'),
('5e95748b-b8d2-4217-827e-4ed15b0486a2', 'example38@gmail.com', '$2b$10$PWO2i7j4vA0aelS9cRP96.MKO/ToIY9ythrCjOdf7Zw6FnZ1jYMRS', 'c0af2f6d-4217-49b2-81fd-6b3fb2dc8928', '2025-06-24 18:08:18', '2025-06-24 18:08:18'),
('64445db1-1d87-447f-9e9d-7e22a05d541c', 'example1@gmail.com', '$2b$10$y3p.a3bvhYG/Lkjvo7qSLuCDFIoUdOs4PIQYxHxLabdUB43bnsX2S', 'c0af2f6d-4217-49b2-81fd-6b3fb2dc8928', '2025-06-24 18:08:13', '2025-06-24 18:08:13'),
('66728afb-c95f-4aed-9f98-c241ad7b6de5', 'example4@gmail.com', '$2b$10$ZIMCWUiTpFfsab7hOv0T7e1t1f8dXn/Moa4bKteSRZjlS8tVkvERe', 'c0af2f6d-4217-49b2-81fd-6b3fb2dc8928', '2025-06-24 18:08:14', '2025-06-24 18:08:14'),
('682fcb96-a730-47e0-bc2c-0d975a0ed1c9', 'example48@gmail.com', '$2b$10$j1nAzKHzMJfcWnsL1YYwVO7vrXzksy6BS5cdIobyxDF3VI6lh1RIy', 'c0af2f6d-4217-49b2-81fd-6b3fb2dc8928', '2025-06-24 18:08:19', '2025-06-24 18:08:19'),
('69570223-10ef-4c60-8f0e-223bff5e098f', 'example58@gmail.com', '$2b$10$9paj4ogCTBjWp1EO4wXYFezh6nlbTh1/otioCMpg1CUttvI6fhbku', 'c0af2f6d-4217-49b2-81fd-6b3fb2dc8928', '2025-06-24 18:08:20', '2025-06-24 18:08:20'),
('6adc500e-f97b-40d6-ab1e-69a7bd9b9428', 'example32@gmail.com', '$2b$10$3N4yHCqamqo2SM653jsXHO8t5K9/8mV1CnQtWAst2wQidxSAa5LVe', 'c0af2f6d-4217-49b2-81fd-6b3fb2dc8928', '2025-06-24 18:08:17', '2025-06-24 18:08:17'),
('70a0fc68-793a-44f8-b963-e0ee8002ccce', 'example65@gmail.com', '$2b$10$DgYZzy8Wn1cbNTAOj1vveOX2Q.x.ZOBeU5iQqHDBOBQsM8ksea.1S', 'c0af2f6d-4217-49b2-81fd-6b3fb2dc8928', '2025-06-24 18:08:20', '2025-06-24 18:08:20'),
('7141af71-d860-4e6b-8505-07afce2ec9c3', 'example77@gmail.com', '$2b$10$ONwGpFl3GbWdckgCFjQZGuXWJcOFj0VDwVSzapOkgN786WMHXvZrm', 'c0af2f6d-4217-49b2-81fd-6b3fb2dc8928', '2025-06-24 18:08:21', '2025-06-24 18:08:21'),
('7331e9c5-51c5-4abb-8e60-19003167211b', 'example25@gmail.com', '$2b$10$eFb82o3jbGlZm4JuyBoGrueNVbTYKWUAc8J.mcLGdoywHx4Hvp9L6', 'c0af2f6d-4217-49b2-81fd-6b3fb2dc8928', '2025-06-24 18:08:16', '2025-06-24 18:08:16'),
('761f9ac2-4e8b-4d59-93f3-33cb9bc5edb1', 'example99@gmail.com', '$2b$10$5fd44Cln1N3PqYG5Da8jDOusqnsbndXxT.2mvmvP1.xq7ECwzUJ5.', 'c0af2f6d-4217-49b2-81fd-6b3fb2dc8928', '2025-06-24 18:08:24', '2025-06-24 18:08:24'),
('76ac6d6e-39c8-4fc4-85cf-76b54f8f425c', 'example31@gmail.com', '$2b$10$7R.TbylKrMOWI8IHIYoPs.E3yz726qVbm8wic9ImD85J5r5jnsvv.', 'c0af2f6d-4217-49b2-81fd-6b3fb2dc8928', '2025-06-24 18:08:17', '2025-06-24 18:08:17'),
('83f14495-e7ec-4885-b971-244b0934f17c', 'example74@gmail.com', '$2b$10$vaMCMkTtLN1fh26miil6eOLu6WX6Nbpqh8vrKEwhOL276dLAUQTO2', 'c0af2f6d-4217-49b2-81fd-6b3fb2dc8928', '2025-06-24 18:08:21', '2025-06-24 18:08:21'),
('86a38e1a-43a7-4c61-bd8d-b9d8b252d1bb', 'example43@gmail.com', '$2b$10$S5/5vjoTkec3N3J2wcY2gObNBkUC8oeOHerJNnX80wTKRvX3iOTUu', 'c0af2f6d-4217-49b2-81fd-6b3fb2dc8928', '2025-06-24 18:08:18', '2025-06-24 18:08:18'),
('86df8e07-a473-4272-a728-eea65e5df646', 'example69@gmail.com', '$2b$10$h2dNcXBxhZXTjVfrCn2YU.EBnPZfAoHbQ2PW6FiEgpyq0/rEhOhTC', 'c0af2f6d-4217-49b2-81fd-6b3fb2dc8928', '2025-06-24 18:08:21', '2025-06-24 18:08:21'),
('86f6d8ba-683a-48bb-9e2e-6e124075bd05', 'example45@gmail.com', '$2b$10$vnpn0hBiL2stogjggmH2Ae9wBOkYcEPBVGuU4oFRsHl5fHU/./1fS', 'c0af2f6d-4217-49b2-81fd-6b3fb2dc8928', '2025-06-24 18:08:18', '2025-06-24 18:08:18'),
('87262f4d-e931-4ce6-bf6a-d1a5d8f38145', 'example8@gmail.com', '$2b$10$0NdKGk5HYDwgda2T8efGjuxh0rW6V/.qvzxqDdLIXAaP8Cv2CjvWK', 'c0af2f6d-4217-49b2-81fd-6b3fb2dc8928', '2025-06-24 18:08:14', '2025-06-24 18:08:14'),
('876b3f60-80d6-4703-9ce5-4845a378cc78', 'example11@gmail.com', '$2b$10$zCWikGevzIQuo.m6KoiYb.guAcEOTlUD2YRD0EvL/34bckiml/HJe', 'c0af2f6d-4217-49b2-81fd-6b3fb2dc8928', '2025-06-24 18:08:15', '2025-06-24 18:08:15'),
('892cfb05-7c4f-4f95-a8d7-eaf4926a544d', 'example41@gmail.com', '$2b$10$PtzqDvDNuwWkuFol215tM.rj0ut0gWrOXn5QmoFib3BoT1l9zBT7y', 'c0af2f6d-4217-49b2-81fd-6b3fb2dc8928', '2025-06-24 18:08:18', '2025-06-24 18:08:18'),
('8b9861dc-feae-4fef-99e8-bccbd28b2112', 'example78@gmail.com', '$2b$10$wbKfzWxoeDX3yTcbJS78We1BStyhv7eUJ4BDQQ2hPV6HK6CKq.GBO', 'c0af2f6d-4217-49b2-81fd-6b3fb2dc8928', '2025-06-24 18:08:21', '2025-06-24 18:08:21'),
('8cb6675d-e64a-4064-aed6-ed0795df84a4', 'example7@gmail.com', '$2b$10$YKoc6d6ZEH5NhC37eYw3/upHlXCFyLYdOV18FKo.6btxoOH.oGyPG', 'c0af2f6d-4217-49b2-81fd-6b3fb2dc8928', '2025-06-24 18:08:14', '2025-06-24 18:08:14'),
('9194efeb-6741-40ca-8cf1-019f6b407704', 'example62@gmail.com', '$2b$10$eF/v.Fz2hl15Lv8ruF7pseLRauYwMdejdQAlqgKtyTl5TwjuV8WMG', 'c0af2f6d-4217-49b2-81fd-6b3fb2dc8928', '2025-06-24 18:08:20', '2025-06-24 18:08:20'),
('941141ba-de2b-4740-bc45-3654337d9e26', 'example66@gmail.com', '$2b$10$X680FZi7nvzsBHXPd.UTc.PqYPZF6i1GQ7bUT0LjspfBRFT56dBHK', 'c0af2f6d-4217-49b2-81fd-6b3fb2dc8928', '2025-06-24 18:08:20', '2025-06-24 18:08:20'),
('98aad573-74c6-4f13-80b7-75c9dc7474db', 'example79@gmail.com', '$2b$10$D6wcwyjmrAKTfr/l3L0.NecnkxvA2ULcvKoUHAdV8vXyv/la8jX06', 'c0af2f6d-4217-49b2-81fd-6b3fb2dc8928', '2025-06-24 18:08:22', '2025-06-24 18:08:22'),
('9a9b24cd-78d2-4ca7-855e-71fe73c4f706', 'example63@gmail.com', '$2b$10$54HhNcytAcuvdAsTEsTBq.YvZeilG9exnUSYeJy92UdeSdemuaiGy', 'c0af2f6d-4217-49b2-81fd-6b3fb2dc8928', '2025-06-24 18:08:20', '2025-06-24 18:08:20'),
('9f63e13e-7aa7-40db-aca8-164a75b14683', 'example23@gmail.com', '$2b$10$57Dmwu7sq3/YnLHkVw.UtejxmcysRHAbbfdLrvp3/Gcn0YKxzxMRC', 'c0af2f6d-4217-49b2-81fd-6b3fb2dc8928', '2025-06-24 18:08:16', '2025-06-24 18:08:16'),
('a1b8fc35-eaf4-47ae-8992-969980e70ad2', 'example34@gmail.com', '$2b$10$6uYGRe6dtj5mqYWqd1.SSeP7ku/1riud1xtk7CEE3eANYLc761Nci', 'c0af2f6d-4217-49b2-81fd-6b3fb2dc8928', '2025-06-24 18:08:17', '2025-06-24 18:08:17'),
('a229b74c-a4cd-413f-9a4e-08db85c96305', 'example14@gmail.com', '$2b$10$/yi3Hr7tK6QVBAgHp7GDz.xulo89.IpQrZW5BWDgUkKuZQl5RY5Vm', 'c0af2f6d-4217-49b2-81fd-6b3fb2dc8928', '2025-06-24 18:08:15', '2025-06-24 18:08:15'),
('a296e5b9-20d9-496a-a5a0-c9428958b2ce', 'example93@gmail.com', '$2b$10$oPQ3U6/9qYebo.PL9am/Su804b9j0gU48z.OoSjZb2vyRbZHmKowy', 'c0af2f6d-4217-49b2-81fd-6b3fb2dc8928', '2025-06-24 18:08:24', '2025-06-24 18:08:24'),
('a54ce01a-fea9-4978-90cb-f9cee352039b', 'example57@gmail.com', '$2b$10$.mCxYjpTZ5.VEbiX7Veg1OAESwTtXPNlyJjuLodCBwTGs965t8a4m', 'c0af2f6d-4217-49b2-81fd-6b3fb2dc8928', '2025-06-24 18:08:19', '2025-06-24 18:08:19'),
('a583e979-4562-46cf-8f99-069e1d05bf19', 'example28@gmail.com', '$2b$10$.2rdSbKwJzVnHaT5E4cI5eUHpqFfVZDqDeu8Bc6nCBxx5fV7dRQJ6', 'c0af2f6d-4217-49b2-81fd-6b3fb2dc8928', '2025-06-24 18:08:17', '2025-06-24 18:08:17'),
('a699f4d8-3c21-4520-a04d-53500c2a668e', 'example71@gmail.com', '$2b$10$Woe05FqQIt7z3hjF9mm2Z.6kXth/WkGjUULxnTExYU068XnHZlWVe', 'c0af2f6d-4217-49b2-81fd-6b3fb2dc8928', '2025-06-24 18:08:21', '2025-06-24 18:08:21'),
('ab5594ed-aec9-4c35-be11-f4a58c8a15dc', 'example2@gmail.com', '$2b$10$nn0HuOvRIVDSygYQSRI7p.JXc6Sd7EVxeMmfO4InknnXpPdzX9qui', 'c0af2f6d-4217-49b2-81fd-6b3fb2dc8928', '2025-06-24 18:08:14', '2025-06-24 18:08:14'),
('ab989778-ad74-46d3-b1df-14e63a17319b', 'example81@gmail.com', '$2b$10$E/8gAWOcKaxyMLKXG1MUBu039ksyLFZZEw8H9/epX1avLyioH6dR.', 'c0af2f6d-4217-49b2-81fd-6b3fb2dc8928', '2025-06-24 18:08:22', '2025-06-24 18:08:22'),
('b08fe28f-54cf-4071-b508-62bfc547384d', 'example91@gmail.com', '$2b$10$LNEKzc77tW0RCkxB0xc29enwOsE61ijP8kTOYUR4V6gE3jWsC.GDi', 'c0af2f6d-4217-49b2-81fd-6b3fb2dc8928', '2025-06-24 18:08:23', '2025-06-24 18:08:23'),
('b0928c06-c0be-450f-b4fb-50b002c9f243', 'example35@gmail.com', '$2b$10$M56g23/aB9r/Jaq6Dh017.b.DyIUcjf.cm6umNULGvBC3K3JCj7tW', 'c0af2f6d-4217-49b2-81fd-6b3fb2dc8928', '2025-06-24 18:08:17', '2025-06-24 18:08:17'),
('b5f5870d-8dca-4b48-a58d-82dbf916d779', 'example82@gmail.com', '$2b$10$8UjbMFGCF6qxtdRGGeMj/eJMVrfvxBdSfh9flGiYkVHE7kFbGVpEG', 'c0af2f6d-4217-49b2-81fd-6b3fb2dc8928', '2025-06-24 18:08:22', '2025-06-24 18:08:22'),
('b7bd5f29-d9fc-4d22-8436-58679cf12ba0', 'example72@gmail.com', '$2b$10$0ctEl0I0WF5Az3uPqEYuKO2M31q9N/4imGg0jCL34LVzfk6eGl35G', 'c0af2f6d-4217-49b2-81fd-6b3fb2dc8928', '2025-06-24 18:08:21', '2025-06-24 18:08:21'),
('bdd12603-94a8-4bcd-bed6-53371ed64121', 'example3@gmail.com', '$2b$10$5FYVPSg/25ybNakHPFXK8uWNq0kWsJ6mx0wLMnnTtBLuPNtvD0VCC', 'c0af2f6d-4217-49b2-81fd-6b3fb2dc8928', '2025-06-24 18:08:14', '2025-06-24 18:08:14'),
('c1c27c44-f62e-47f1-aad2-2f3cf6a08b96', 'example19@gmail.com', '$2b$10$jLwCIRIPCyeeciotYtAq0.3b9VF6lfjo4szkB8K.46h9H/Zpdcb0q', 'c0af2f6d-4217-49b2-81fd-6b3fb2dc8928', '2025-06-24 18:08:16', '2025-06-24 18:08:16'),
('c5b36927-9c3b-4c0a-9b02-8247377b0267', 'example80@gmail.com', '$2b$10$7sufgvDTzhDujkirqIRLQO/f/9REqZfVMBF3m8Dhx1FodWaA2jLCe', 'c0af2f6d-4217-49b2-81fd-6b3fb2dc8928', '2025-06-24 18:08:22', '2025-06-24 18:08:22'),
('c7740766-25d8-4359-ab64-9d286c991ade', 'example98@gmail.com', '$2b$10$13sTVtm95vzdFO9B8.vncuZShaNouDjWUAOHSKSJcVTomGpKsRI.S', 'c0af2f6d-4217-49b2-81fd-6b3fb2dc8928', '2025-06-24 18:08:24', '2025-06-24 18:08:24'),
('cff732c7-3790-4949-b684-9724199ee4c8', 'example64@gmail.com', '$2b$10$eLvTejflksSavu5.82mXs.D7ouf8y67/h7KzcVViangpAiB2te2Ai', 'c0af2f6d-4217-49b2-81fd-6b3fb2dc8928', '2025-06-24 18:08:20', '2025-06-24 18:08:20'),
('d08a2011-9978-4094-bf9c-9efe761d8756', 'example33@gmail.com', '$2b$10$BRz4ks5dAFkqPX/cUVPHoezw6d50vc9O4AU6zpNcLldqeE6VXmnsm', 'c0af2f6d-4217-49b2-81fd-6b3fb2dc8928', '2025-06-24 18:08:17', '2025-06-24 18:08:17'),
('d0f50e60-5ad6-4d3e-ad95-685f9989e2ef', 'example16@gmail.com', '$2b$10$/LgFUKTuElyZPz8mgqnlY.nwBoT9FoUeJ8BzqGbuBj5Vz/eLPb6kW', 'c0af2f6d-4217-49b2-81fd-6b3fb2dc8928', '2025-06-24 18:08:15', '2025-06-24 18:08:15'),
('d26949e7-3f6e-454a-ae77-d263143dbb9d', 'example70@gmail.com', '$2b$10$QxgbPIeUGGsS0/GJiBTWz.0.GOa5W7jOhFZjaKgdxZrPOj/3GYQly', 'c0af2f6d-4217-49b2-81fd-6b3fb2dc8928', '2025-06-24 18:08:21', '2025-06-24 18:08:21'),
('d46500bc-f96a-490d-ad8a-5c4c5c711ff9', 'example94@gmail.com', '$2b$10$Zcy4XsalSpfLIwgLzDSK5.sjoRs1I45.9xkD4vzTn.dKjDEysdURS', 'c0af2f6d-4217-49b2-81fd-6b3fb2dc8928', '2025-06-24 18:08:24', '2025-06-24 18:08:24'),
('d4bd62a1-656d-4333-98b2-ba378b7133a0', 'example47@gmail.com', '$2b$10$cqpxdRA82/rCQFrEaVR1A.YgQDG6JY1SO4.d1T06QuiilYeJOfpMq', 'c0af2f6d-4217-49b2-81fd-6b3fb2dc8928', '2025-06-24 18:08:18', '2025-06-24 18:08:18'),
('d89009e8-3251-4e33-8467-5da0d9d9cde2', 'example20@gmail.com', '$2b$10$SPX9iw/T6wTiLxHj5sHb4eNZKskkDe1t6MM/dPc0cBMw8HGh2ZPfW', 'c0af2f6d-4217-49b2-81fd-6b3fb2dc8928', '2025-06-24 18:08:16', '2025-06-24 18:08:16'),
('d90e90eb-00f7-4152-89c0-cdd61d63e5f4', 'example13@gmail.com', '$2b$10$vcSaoCaNGu5KWDEhTTLcguz19k3c4fXhcNa2XJJ1anudy/JssGEWW', 'c0af2f6d-4217-49b2-81fd-6b3fb2dc8928', '2025-06-24 18:08:15', '2025-06-24 18:08:15'),
('da0dacb8-8586-4179-9adc-2e41e0347acf', 'example95@gmail.com', '$2b$10$WgqauKlLlZ9zz3DF8qhFyeTyCx7C3dL4VyyJ73Fs1KrHPufelaMKK', 'c0af2f6d-4217-49b2-81fd-6b3fb2dc8928', '2025-06-24 18:08:24', '2025-06-24 18:08:24'),
('da8d3432-1e84-4eeb-8701-e2dc0866da8a', 'example68@gmail.com', '$2b$10$iMkqtlbaibxNlLwlSOyVUOOwdwWnRqZP1zLCx0fMmuea3xwc7mB5S', 'c0af2f6d-4217-49b2-81fd-6b3fb2dc8928', '2025-06-24 18:08:20', '2025-06-24 18:08:20'),
('db18d845-229c-4c19-bd46-9bef238e69b8', 'example89@gmail.com', '$2b$10$gcmk/QGWR7GspBW/AnAYZeR/lmAZVwfitosEh7niT5zGZS/94Olry', 'c0af2f6d-4217-49b2-81fd-6b3fb2dc8928', '2025-06-24 18:08:23', '2025-06-24 18:08:23'),
('dda90948-a1ee-4d30-8a70-7b369ea44b1b', 'example29@gmail.com', '$2b$10$Jof4t8LwO9Ab2GKjQ/1LMOKxIYRXdvj2.3aWSm95fbWoAiNatIF8i', 'c0af2f6d-4217-49b2-81fd-6b3fb2dc8928', '2025-06-24 18:08:17', '2025-06-24 18:08:17'),
('dde0167e-ae77-4a96-ac45-3a3d733d3996', 'example18@gmail.com', '$2b$10$8UBNtXU9sH/jXS0yRYK9v.j1hYHjDWsPm5Oivjd9IbRlPs25aA.rO', 'c0af2f6d-4217-49b2-81fd-6b3fb2dc8928', '2025-06-24 18:08:15', '2025-06-24 18:08:15'),
('dec39045-b660-4b34-8069-581b720afd23', 'example55@gmail.com', '$2b$10$qebT685wUhbGSWG8SV8nJ.Ns3L30/2s62715XYl6VRE0MGBntsdDC', 'c0af2f6d-4217-49b2-81fd-6b3fb2dc8928', '2025-06-24 18:08:19', '2025-06-24 18:08:19'),
('dfc234a1-877b-4b6b-81a9-4b807e930810', 'example54@gmail.com', '$2b$10$1ZRtGklIn/D.zLo9YS48W.AgJvCvMKgmhUuwqq5D8KZB6ND5FMk2a', 'c0af2f6d-4217-49b2-81fd-6b3fb2dc8928', '2025-06-24 18:08:19', '2025-06-24 18:08:19'),
('e0a49038-ed19-4121-98fc-2432aec41b38', 'example87@gmail.com', '$2b$10$0pz0vemV72e3J8rRIVT3N.0707co5l/eAXtHbm2CnvPkrv0dK6z3K', 'c0af2f6d-4217-49b2-81fd-6b3fb2dc8928', '2025-06-24 18:08:23', '2025-06-24 18:08:23'),
('e21800d7-f45d-454f-b0f8-d9f33e26efa9', 'example30@gmail.com', '$2b$10$s0Elg2KIUpoSzLMiMq4HPOVNgdgivSAG76IX2mD3vGRDG751Voqze', 'c0af2f6d-4217-49b2-81fd-6b3fb2dc8928', '2025-06-24 18:08:17', '2025-06-24 18:08:17'),
('e4247bf3-ffc2-4ea9-bb98-5b5bd03b2aa8', 'example49@gmail.com', '$2b$10$FPfzkhyhgkfcuCgkfBzV7OGW3bK9p/UP4vOhkH1AcMt1WDalPCB7W', 'c0af2f6d-4217-49b2-81fd-6b3fb2dc8928', '2025-06-24 18:08:19', '2025-06-24 18:08:19'),
('eb999a6d-226d-4eca-bfa3-f73cddd3277f', 'example100@gmail.com', '$2b$10$c3TUHch3w6YXMkFl80RI8.vscgLXOXkv6KmhYC8aACc71qV9SG4bq', 'c0af2f6d-4217-49b2-81fd-6b3fb2dc8928', '2025-06-24 18:08:25', '2025-06-24 18:08:25'),
('effad119-5aca-448f-8619-c449dcdf8c6e', 'example76@gmail.com', '$2b$10$BuqWl2uFGw76zAKAIvJLv.QIi.WvrBuKxy7zbzwlRgtQaFKYSY85y', 'c0af2f6d-4217-49b2-81fd-6b3fb2dc8928', '2025-06-24 18:08:21', '2025-06-24 18:08:21'),
('f1ca6010-63c5-41d3-b569-ef1cf65e4a3c', 'example53@gmail.com', '$2b$10$25xgR0jVYx28xURXmcldcelNQ4jvG4P/6hMwtOe1ZRGGmRFvCAHjq', 'c0af2f6d-4217-49b2-81fd-6b3fb2dc8928', '2025-06-24 18:08:19', '2025-06-24 18:08:19'),
('f316ff25-d07f-48cc-977b-a20b78b01f41', 'example60@gmail.com', '$2b$10$ncyiOBo.FrRLMKrbxAn8/.PfAl619uViyiBx/GaOJOBSMFcXantq2', 'c0af2f6d-4217-49b2-81fd-6b3fb2dc8928', '2025-06-24 18:08:20', '2025-06-24 18:08:20'),
('f3656819-1746-4ae8-b5ca-3c11afe82fad', 'example86@gmail.com', '$2b$10$6GfIxk4hElgIFzrGS2iuS.15ljmGSMQuPpDBGfycsNm9AlBpz7lym', 'c0af2f6d-4217-49b2-81fd-6b3fb2dc8928', '2025-06-24 18:08:23', '2025-06-24 18:08:23'),
('f635cba3-b9e7-4516-b401-6596a0a52e41', 'example26@gmail.com', '$2b$10$ubeYGJoFPyApMfOssZTTee.Ed06EQq7R2Ej5E3bkkqGwIg82vaFEW', 'c0af2f6d-4217-49b2-81fd-6b3fb2dc8928', '2025-06-24 18:08:16', '2025-06-24 18:08:16'),
('fa0f05bf-5875-4eab-ba97-4bb17e537d56', 'example27@gmail.com', '$2b$10$.8rPDAXm.sAZrnNvdrgXAO8Gs3HTP9rmDCd.E0Da30j5I2XmgxPHS', 'c0af2f6d-4217-49b2-81fd-6b3fb2dc8928', '2025-06-24 18:08:16', '2025-06-24 18:08:16'),
('fdd49c83-d024-4460-a9a3-3908dbdab82e', 'example44@gmail.com', '$2b$10$eWrmJdejQzX35BwfwNt7L..DjzjZF6nE6v.1hhrcx/A1AA3Qyfuva', 'c0af2f6d-4217-49b2-81fd-6b3fb2dc8928', '2025-06-24 18:08:18', '2025-06-24 18:08:18'),
('ffb65b81-2b2c-4846-9afa-b04c9d9c0734', 'example51@gmail.com', '$2b$10$mmvja7289/fzotbMRfs4Y.a7UqU8NNx9hy4/lUD151RbViOQ.h.k.', 'c0af2f6d-4217-49b2-81fd-6b3fb2dc8928', '2025-06-24 18:08:19', '2025-06-24 18:08:19');

--
-- Indexes for dumped tables
--

--
-- Indexes for table `battlepasses`
--
ALTER TABLE `battlepasses`
  ADD PRIMARY KEY (`id`);

--
-- Indexes for table `battlepass_quests`
--
ALTER TABLE `battlepass_quests`
  ADD PRIMARY KEY (`id`),
  ADD KEY `battlepass_id` (`battlepass_id`),
  ADD KEY `quest_id` (`quest_id`);

--
-- Indexes for table `inventories`
--
ALTER TABLE `inventories`
  ADD PRIMARY KEY (`id`),
  ADD KEY `profile_id` (`profile_id`),
  ADD KEY `item_id` (`item_id`);

--
-- Indexes for table `items`
--
ALTER TABLE `items`
  ADD PRIMARY KEY (`id`),
  ADD UNIQUE KEY `name` (`name`);

--
-- Indexes for table `profiles`
--
ALTER TABLE `profiles`
  ADD PRIMARY KEY (`id`),
  ADD UNIQUE KEY `user_id` (`user_id`),
  ADD UNIQUE KEY `username` (`username`);

--
-- Indexes for table `profile_battlepasses`
--
ALTER TABLE `profile_battlepasses`
  ADD PRIMARY KEY (`id`),
  ADD KEY `profile_id` (`profile_id`),
  ADD KEY `battlepass_id` (`battlepass_id`);

--
-- Indexes for table `profile_quests`
--
ALTER TABLE `profile_quests`
  ADD PRIMARY KEY (`id`),
  ADD KEY `profile_id` (`profile_id`),
  ADD KEY `quest_id` (`quest_id`),
  ADD KEY `profile_battlepass_id` (`profile_battlepass_id`);

--
-- Indexes for table `quests`
--
ALTER TABLE `quests`
  ADD PRIMARY KEY (`id`),
  ADD KEY `reward_item_id` (`reward_item_id`);

--
-- Indexes for table `roles`
--
ALTER TABLE `roles`
  ADD PRIMARY KEY (`id`),
  ADD UNIQUE KEY `name` (`name`);

--
-- Indexes for table `shops`
--
ALTER TABLE `shops`
  ADD PRIMARY KEY (`id`);

--
-- Indexes for table `shop_items`
--
ALTER TABLE `shop_items`
  ADD PRIMARY KEY (`id`),
  ADD KEY `shop_id` (`shop_id`),
  ADD KEY `item_id` (`item_id`);

--
-- Indexes for table `transactions`
--
ALTER TABLE `transactions`
  ADD PRIMARY KEY (`id`),
  ADD UNIQUE KEY `order_id` (`order_id`),
  ADD KEY `profile_id` (`profile_id`);

--
-- Indexes for table `users`
--
ALTER TABLE `users`
  ADD PRIMARY KEY (`id`),
  ADD UNIQUE KEY `email` (`email`),
  ADD KEY `role_id` (`role_id`);

--
-- Constraints for dumped tables
--

--
-- Constraints for table `battlepass_quests`
--
ALTER TABLE `battlepass_quests`
  ADD CONSTRAINT `battlepass_quests_ibfk_1` FOREIGN KEY (`battlepass_id`) REFERENCES `battlepasses` (`id`),
  ADD CONSTRAINT `battlepass_quests_ibfk_2` FOREIGN KEY (`quest_id`) REFERENCES `quests` (`id`);

--
-- Constraints for table `inventories`
--
ALTER TABLE `inventories`
  ADD CONSTRAINT `inventories_ibfk_1` FOREIGN KEY (`profile_id`) REFERENCES `profiles` (`id`) ON DELETE CASCADE ON UPDATE CASCADE,
  ADD CONSTRAINT `inventories_ibfk_2` FOREIGN KEY (`item_id`) REFERENCES `items` (`id`) ON DELETE CASCADE ON UPDATE CASCADE;

--
-- Constraints for table `profiles`
--
ALTER TABLE `profiles`
  ADD CONSTRAINT `profiles_ibfk_1` FOREIGN KEY (`user_id`) REFERENCES `users` (`id`) ON DELETE CASCADE ON UPDATE CASCADE;

--
-- Constraints for table `profile_battlepasses`
--
ALTER TABLE `profile_battlepasses`
  ADD CONSTRAINT `profile_battlepasses_ibfk_1` FOREIGN KEY (`profile_id`) REFERENCES `profiles` (`id`),
  ADD CONSTRAINT `profile_battlepasses_ibfk_2` FOREIGN KEY (`battlepass_id`) REFERENCES `battlepasses` (`id`);

--
-- Constraints for table `profile_quests`
--
ALTER TABLE `profile_quests`
  ADD CONSTRAINT `profile_quests_ibfk_1` FOREIGN KEY (`profile_id`) REFERENCES `profiles` (`id`),
  ADD CONSTRAINT `profile_quests_ibfk_2` FOREIGN KEY (`quest_id`) REFERENCES `quests` (`id`),
  ADD CONSTRAINT `profile_quests_ibfk_3` FOREIGN KEY (`profile_battlepass_id`) REFERENCES `profile_battlepasses` (`id`);

--
-- Constraints for table `quests`
--
ALTER TABLE `quests`
  ADD CONSTRAINT `quests_ibfk_1` FOREIGN KEY (`reward_item_id`) REFERENCES `items` (`id`);

--
-- Constraints for table `shop_items`
--
ALTER TABLE `shop_items`
  ADD CONSTRAINT `shop_items_ibfk_1` FOREIGN KEY (`shop_id`) REFERENCES `shops` (`id`) ON DELETE CASCADE ON UPDATE CASCADE,
  ADD CONSTRAINT `shop_items_ibfk_2` FOREIGN KEY (`item_id`) REFERENCES `items` (`id`) ON DELETE CASCADE ON UPDATE CASCADE;

--
-- Constraints for table `transactions`
--
ALTER TABLE `transactions`
  ADD CONSTRAINT `transactions_ibfk_1` FOREIGN KEY (`profile_id`) REFERENCES `profiles` (`id`) ON DELETE CASCADE ON UPDATE CASCADE;

--
-- Constraints for table `users`
--
ALTER TABLE `users`
  ADD CONSTRAINT `users_ibfk_1` FOREIGN KEY (`role_id`) REFERENCES `roles` (`id`) ON DELETE CASCADE ON UPDATE CASCADE;
COMMIT;

/*!40101 SET CHARACTER_SET_CLIENT=@OLD_CHARACTER_SET_CLIENT */;
/*!40101 SET CHARACTER_SET_RESULTS=@OLD_CHARACTER_SET_RESULTS */;
/*!40101 SET COLLATION_CONNECTION=@OLD_COLLATION_CONNECTION */;
